-- phpMyAdmin SQL Dump
-- version 4.9.0.1
-- https://www.phpmyadmin.net/
--
-- Host: 127.0.0.1
-- Generation Time: Jun 30, 2021 at 02:38 PM
-- Server version: 10.4.6-MariaDB
-- PHP Version: 7.3.9

SET SQL_MODE = "NO_AUTO_VALUE_ON_ZERO";
SET AUTOCOMMIT = 0;
START TRANSACTION;
SET time_zone = "+00:00";


/*!40101 SET @OLD_CHARACTER_SET_CLIENT=@@CHARACTER_SET_CLIENT */;
/*!40101 SET @OLD_CHARACTER_SET_RESULTS=@@CHARACTER_SET_RESULTS */;
/*!40101 SET @OLD_COLLATION_CONNECTION=@@COLLATION_CONNECTION */;
/*!40101 SET NAMES utf8mb4 */;

--
-- Database: `jaysdb`
--

-- --------------------------------------------------------

--
-- Table structure for table `changeset`
--

CREATE TABLE `changeset` (
  `ID` int(11) NOT NULL,
  `ClassName` enum('SilverStripe\\Versioned\\ChangeSet') CHARACTER SET utf8mb4 COLLATE utf8mb4_unicode_ci DEFAULT 'SilverStripe\\Versioned\\ChangeSet',
  `LastEdited` datetime DEFAULT NULL,
  `Created` datetime DEFAULT NULL,
  `Name` varchar(255) CHARACTER SET utf8mb4 COLLATE utf8mb4_unicode_ci DEFAULT NULL,
  `State` enum('open','published','reverted') CHARACTER SET utf8mb4 COLLATE utf8mb4_unicode_ci DEFAULT 'open',
  `IsInferred` tinyint(1) UNSIGNED NOT NULL DEFAULT 0,
  `Description` mediumtext CHARACTER SET utf8mb4 COLLATE utf8mb4_unicode_ci DEFAULT NULL,
  `PublishDate` datetime DEFAULT NULL,
  `LastSynced` datetime DEFAULT NULL,
  `OwnerID` int(11) NOT NULL DEFAULT 0,
  `PublisherID` int(11) NOT NULL DEFAULT 0
) ENGINE=InnoDB DEFAULT CHARSET=utf8;

--
-- Dumping data for table `changeset`
--

INSERT INTO `changeset` (`ID`, `ClassName`, `LastEdited`, `Created`, `Name`, `State`, `IsInferred`, `Description`, `PublishDate`, `LastSynced`, `OwnerID`, `PublisherID`) VALUES
(1, 'SilverStripe\\Versioned\\ChangeSet', '2021-06-28 11:12:38', '2021-06-28 11:12:38', 'Generated by publish of \'Home\' at Jun 28, 2021, 11:12 AM', 'published', 1, NULL, '2021-06-28 11:12:38', '2021-06-28 11:12:38', 0, 1),
(2, 'SilverStripe\\Versioned\\ChangeSet', '2021-06-28 11:57:47', '2021-06-28 11:57:47', 'Generated by publish of \'Home\' at Jun 28, 2021, 11:57 AM', 'published', 1, NULL, '2021-06-28 11:57:47', '2021-06-28 11:57:47', 0, 1),
(3, 'SilverStripe\\Versioned\\ChangeSet', '2021-06-30 09:20:54', '2021-06-30 09:20:54', 'Generated by publish of \'Toast\' at Jun 30, 2021, 9:20 AM', 'published', 1, NULL, '2021-06-30 09:20:54', '2021-06-30 09:20:54', 0, 1),
(4, 'SilverStripe\\Versioned\\ChangeSet', '2021-06-30 09:21:12', '2021-06-30 09:21:12', 'Generated by publish of \'TOAST\' at Jun 30, 2021, 9:21 AM', 'published', 1, NULL, '2021-06-30 09:21:12', '2021-06-30 09:21:12', 0, 1),
(5, 'SilverStripe\\Versioned\\ChangeSet', '2021-06-30 10:56:55', '2021-06-30 10:56:55', 'Generated by publish of \'Home\' at Jun 30, 2021, 10:56 AM', 'published', 1, NULL, '2021-06-30 10:56:55', '2021-06-30 10:56:55', 0, 1),
(6, 'SilverStripe\\Versioned\\ChangeSet', '2021-06-30 11:09:52', '2021-06-30 11:09:52', 'Generated by publish of \'Home\' at Jun 30, 2021, 11:09 AM', 'published', 1, NULL, '2021-06-30 11:09:52', '2021-06-30 11:09:52', 0, 1),
(7, 'SilverStripe\\Versioned\\ChangeSet', '2021-06-30 11:15:53', '2021-06-30 11:15:53', 'Generated by publish of \'Home\' at Jun 30, 2021, 11:15 AM', 'published', 1, NULL, '2021-06-30 11:15:53', '2021-06-30 11:15:53', 0, 1),
(8, 'SilverStripe\\Versioned\\ChangeSet', '2021-06-30 11:33:43', '2021-06-30 11:33:43', 'Generated by publish of \'Home\' at Jun 30, 2021, 11:33 AM', 'published', 1, NULL, '2021-06-30 11:33:43', '2021-06-30 11:33:43', 0, 1),
(9, 'SilverStripe\\Versioned\\ChangeSet', '2021-06-30 11:34:59', '2021-06-30 11:34:59', 'Generated by publish of \'Home\' at Jun 30, 2021, 11:34 AM', 'published', 1, NULL, '2021-06-30 11:34:59', '2021-06-30 11:34:59', 0, 1),
(10, 'SilverStripe\\Versioned\\ChangeSet', '2021-06-30 12:31:23', '2021-06-30 12:31:23', 'Generated by publish of \'Home\' at Jun 30, 2021, 12:31 PM', 'published', 1, NULL, '2021-06-30 12:31:23', '2021-06-30 12:31:23', 0, 1),
(11, 'SilverStripe\\Versioned\\ChangeSet', '2021-06-30 13:33:57', '2021-06-30 13:33:57', 'Generated by publish of \'Home\' at Jun 30, 2021, 1:33 PM', 'published', 1, NULL, '2021-06-30 13:33:57', '2021-06-30 13:33:57', 0, 1),
(12, 'SilverStripe\\Versioned\\ChangeSet', '2021-06-30 13:38:37', '2021-06-30 13:38:37', 'Generated by publish of \'Home\' at Jun 30, 2021, 1:38 PM', 'published', 1, NULL, '2021-06-30 13:38:37', '2021-06-30 13:38:37', 0, 1),
(13, 'SilverStripe\\Versioned\\ChangeSet', '2021-06-30 13:45:52', '2021-06-30 13:45:52', 'Generated by publish of \'Home\' at Jun 30, 2021, 1:45 PM', 'published', 1, NULL, '2021-06-30 13:45:52', '2021-06-30 13:45:52', 0, 1),
(14, 'SilverStripe\\Versioned\\ChangeSet', '2021-06-30 13:48:37', '2021-06-30 13:48:37', 'Generated by publish of \'Home\' at Jun 30, 2021, 1:48 PM', 'published', 1, NULL, '2021-06-30 13:48:37', '2021-06-30 13:48:37', 0, 1),
(15, 'SilverStripe\\Versioned\\ChangeSet', '2021-06-30 13:51:11', '2021-06-30 13:51:11', 'Generated by publish of \'Home\' at Jun 30, 2021, 1:51 PM', 'published', 1, NULL, '2021-06-30 13:51:11', '2021-06-30 13:51:11', 0, 1),
(16, 'SilverStripe\\Versioned\\ChangeSet', '2021-06-30 13:54:45', '2021-06-30 13:54:45', 'Generated by publish of \'Home\' at Jun 30, 2021, 1:54 PM', 'published', 1, NULL, '2021-06-30 13:54:45', '2021-06-30 13:54:45', 0, 1),
(17, 'SilverStripe\\Versioned\\ChangeSet', '2021-06-30 14:00:32', '2021-06-30 14:00:32', 'Generated by publish of \'Home\' at Jun 30, 2021, 2:00 PM', 'published', 1, NULL, '2021-06-30 14:00:32', '2021-06-30 14:00:32', 0, 1),
(18, 'SilverStripe\\Versioned\\ChangeSet', '2021-06-30 14:02:24', '2021-06-30 14:02:24', 'Generated by publish of \'Home\' at Jun 30, 2021, 2:02 PM', 'published', 1, NULL, '2021-06-30 14:02:24', '2021-06-30 14:02:24', 0, 1),
(19, 'SilverStripe\\Versioned\\ChangeSet', '2021-06-30 14:06:00', '2021-06-30 14:06:00', 'Generated by publish of \'Home\' at Jun 30, 2021, 2:06 PM', 'published', 1, NULL, '2021-06-30 14:06:00', '2021-06-30 14:06:00', 0, 1),
(20, 'SilverStripe\\Versioned\\ChangeSet', '2021-06-30 14:17:46', '2021-06-30 14:17:46', 'Generated by publish of \'Home\' at Jun 30, 2021, 2:17 PM', 'published', 1, NULL, '2021-06-30 14:17:46', '2021-06-30 14:17:46', 0, 1),
(21, 'SilverStripe\\Versioned\\ChangeSet', '2021-06-30 14:21:29', '2021-06-30 14:21:29', 'Generated by publish of \'Home\' at Jun 30, 2021, 2:21 PM', 'published', 1, NULL, '2021-06-30 14:21:29', '2021-06-30 14:21:29', 0, 1);

-- --------------------------------------------------------

--
-- Table structure for table `changesetitem`
--

CREATE TABLE `changesetitem` (
  `ID` int(11) NOT NULL,
  `ClassName` enum('SilverStripe\\Versioned\\ChangeSetItem') CHARACTER SET utf8mb4 COLLATE utf8mb4_unicode_ci DEFAULT 'SilverStripe\\Versioned\\ChangeSetItem',
  `LastEdited` datetime DEFAULT NULL,
  `Created` datetime DEFAULT NULL,
  `VersionBefore` int(11) NOT NULL DEFAULT 0,
  `VersionAfter` int(11) NOT NULL DEFAULT 0,
  `Added` enum('explicitly','implicitly') CHARACTER SET utf8mb4 COLLATE utf8mb4_unicode_ci DEFAULT 'implicitly',
  `ChangeSetID` int(11) NOT NULL DEFAULT 0,
  `ObjectID` int(11) NOT NULL DEFAULT 0,
  `ObjectClass` enum('UserData','SilverStripe\\Assets\\File','SilverStripe\\SiteConfig\\SiteConfig','SilverStripe\\Versioned\\ChangeSet','SilverStripe\\Versioned\\ChangeSetItem','SilverStripe\\Assets\\Shortcodes\\FileLink','SilverStripe\\CMS\\Model\\SiteTree','SilverStripe\\CMS\\Model\\SiteTreeLink','SilverStripe\\Security\\Group','SilverStripe\\Security\\LoginAttempt','SilverStripe\\Security\\Member','SilverStripe\\Security\\MemberPassword','SilverStripe\\Security\\Permission','SilverStripe\\Security\\PermissionRole','SilverStripe\\Security\\PermissionRoleCode','SilverStripe\\Security\\RememberLoginHash','SilverStripe\\Assets\\Folder','SilverStripe\\Assets\\Image','Page','SilverStripe\\ErrorPage\\ErrorPage','SilverStripe\\CMS\\Model\\RedirectorPage','SilverStripe\\CMS\\Model\\VirtualPage') CHARACTER SET utf8mb4 COLLATE utf8mb4_unicode_ci DEFAULT 'UserData'
) ENGINE=InnoDB DEFAULT CHARSET=utf8;

--
-- Dumping data for table `changesetitem`
--

INSERT INTO `changesetitem` (`ID`, `ClassName`, `LastEdited`, `Created`, `VersionBefore`, `VersionAfter`, `Added`, `ChangeSetID`, `ObjectID`, `ObjectClass`) VALUES
(1, 'SilverStripe\\Versioned\\ChangeSetItem', '2021-06-28 11:12:38', '2021-06-28 11:12:38', 2, 2, 'explicitly', 1, 1, 'SilverStripe\\CMS\\Model\\SiteTree'),
(2, 'SilverStripe\\Versioned\\ChangeSetItem', '2021-06-28 11:57:47', '2021-06-28 11:57:47', 2, 5, 'explicitly', 2, 1, 'SilverStripe\\CMS\\Model\\SiteTree'),
(3, 'SilverStripe\\Versioned\\ChangeSetItem', '2021-06-30 09:20:54', '2021-06-30 09:20:54', 0, 0, 'explicitly', 3, 1, 'SilverStripe\\SiteConfig\\SiteConfig'),
(4, 'SilverStripe\\Versioned\\ChangeSetItem', '2021-06-30 09:21:12', '2021-06-30 09:21:12', 0, 0, 'explicitly', 4, 1, 'SilverStripe\\SiteConfig\\SiteConfig'),
(5, 'SilverStripe\\Versioned\\ChangeSetItem', '2021-06-30 10:56:55', '2021-06-30 10:56:55', 5, 7, 'explicitly', 5, 1, 'SilverStripe\\CMS\\Model\\SiteTree'),
(6, 'SilverStripe\\Versioned\\ChangeSetItem', '2021-06-30 10:56:55', '2021-06-30 10:56:55', 0, 3, 'implicitly', 5, 3, 'SilverStripe\\Assets\\File'),
(7, 'SilverStripe\\Versioned\\ChangeSetItem', '2021-06-30 10:56:55', '2021-06-30 10:56:55', 0, 0, 'implicitly', 5, 1, 'SilverStripe\\Assets\\Shortcodes\\FileLink'),
(8, 'SilverStripe\\Versioned\\ChangeSetItem', '2021-06-30 10:56:55', '2021-06-30 10:56:55', 0, 3, 'implicitly', 5, 4, 'SilverStripe\\Assets\\File'),
(9, 'SilverStripe\\Versioned\\ChangeSetItem', '2021-06-30 10:56:55', '2021-06-30 10:56:55', 0, 0, 'implicitly', 5, 2, 'SilverStripe\\Assets\\Shortcodes\\FileLink'),
(10, 'SilverStripe\\Versioned\\ChangeSetItem', '2021-06-30 10:56:55', '2021-06-30 10:56:55', 0, 3, 'implicitly', 5, 2, 'SilverStripe\\Assets\\File'),
(11, 'SilverStripe\\Versioned\\ChangeSetItem', '2021-06-30 10:56:55', '2021-06-30 10:56:55', 0, 0, 'implicitly', 5, 3, 'SilverStripe\\Assets\\Shortcodes\\FileLink'),
(12, 'SilverStripe\\Versioned\\ChangeSetItem', '2021-06-30 11:09:52', '2021-06-30 11:09:52', 7, 9, 'explicitly', 6, 1, 'SilverStripe\\CMS\\Model\\SiteTree'),
(13, 'SilverStripe\\Versioned\\ChangeSetItem', '2021-06-30 11:09:52', '2021-06-30 11:09:52', 3, 3, 'implicitly', 6, 3, 'SilverStripe\\Assets\\File'),
(14, 'SilverStripe\\Versioned\\ChangeSetItem', '2021-06-30 11:09:52', '2021-06-30 11:09:52', 0, 0, 'implicitly', 6, 1, 'SilverStripe\\Assets\\Shortcodes\\FileLink'),
(15, 'SilverStripe\\Versioned\\ChangeSetItem', '2021-06-30 11:09:52', '2021-06-30 11:09:52', 3, 3, 'implicitly', 6, 4, 'SilverStripe\\Assets\\File'),
(16, 'SilverStripe\\Versioned\\ChangeSetItem', '2021-06-30 11:09:52', '2021-06-30 11:09:52', 0, 0, 'implicitly', 6, 2, 'SilverStripe\\Assets\\Shortcodes\\FileLink'),
(17, 'SilverStripe\\Versioned\\ChangeSetItem', '2021-06-30 11:09:52', '2021-06-30 11:09:52', 3, 3, 'implicitly', 6, 2, 'SilverStripe\\Assets\\File'),
(18, 'SilverStripe\\Versioned\\ChangeSetItem', '2021-06-30 11:09:52', '2021-06-30 11:09:52', 0, 0, 'implicitly', 6, 3, 'SilverStripe\\Assets\\Shortcodes\\FileLink'),
(19, 'SilverStripe\\Versioned\\ChangeSetItem', '2021-06-30 11:15:53', '2021-06-30 11:15:53', 9, 11, 'explicitly', 7, 1, 'SilverStripe\\CMS\\Model\\SiteTree'),
(20, 'SilverStripe\\Versioned\\ChangeSetItem', '2021-06-30 11:15:53', '2021-06-30 11:15:53', 3, 3, 'implicitly', 7, 4, 'SilverStripe\\Assets\\File'),
(21, 'SilverStripe\\Versioned\\ChangeSetItem', '2021-06-30 11:15:53', '2021-06-30 11:15:53', 0, 0, 'implicitly', 7, 2, 'SilverStripe\\Assets\\Shortcodes\\FileLink'),
(22, 'SilverStripe\\Versioned\\ChangeSetItem', '2021-06-30 11:15:53', '2021-06-30 11:15:53', 3, 3, 'implicitly', 7, 2, 'SilverStripe\\Assets\\File'),
(23, 'SilverStripe\\Versioned\\ChangeSetItem', '2021-06-30 11:15:53', '2021-06-30 11:15:53', 0, 0, 'implicitly', 7, 3, 'SilverStripe\\Assets\\Shortcodes\\FileLink'),
(24, 'SilverStripe\\Versioned\\ChangeSetItem', '2021-06-30 11:33:43', '2021-06-30 11:33:43', 11, 13, 'explicitly', 8, 1, 'SilverStripe\\CMS\\Model\\SiteTree'),
(25, 'SilverStripe\\Versioned\\ChangeSetItem', '2021-06-30 11:33:43', '2021-06-30 11:33:43', 0, 3, 'implicitly', 8, 5, 'SilverStripe\\Assets\\File'),
(26, 'SilverStripe\\Versioned\\ChangeSetItem', '2021-06-30 11:33:43', '2021-06-30 11:33:43', 0, 0, 'implicitly', 8, 4, 'SilverStripe\\Assets\\Shortcodes\\FileLink'),
(27, 'SilverStripe\\Versioned\\ChangeSetItem', '2021-06-30 11:33:43', '2021-06-30 11:33:43', 3, 3, 'implicitly', 8, 4, 'SilverStripe\\Assets\\File'),
(28, 'SilverStripe\\Versioned\\ChangeSetItem', '2021-06-30 11:33:43', '2021-06-30 11:33:43', 0, 0, 'implicitly', 8, 2, 'SilverStripe\\Assets\\Shortcodes\\FileLink'),
(29, 'SilverStripe\\Versioned\\ChangeSetItem', '2021-06-30 11:33:43', '2021-06-30 11:33:43', 3, 3, 'implicitly', 8, 2, 'SilverStripe\\Assets\\File'),
(30, 'SilverStripe\\Versioned\\ChangeSetItem', '2021-06-30 11:33:43', '2021-06-30 11:33:43', 0, 0, 'implicitly', 8, 3, 'SilverStripe\\Assets\\Shortcodes\\FileLink'),
(31, 'SilverStripe\\Versioned\\ChangeSetItem', '2021-06-30 11:34:59', '2021-06-30 11:34:59', 13, 15, 'explicitly', 9, 1, 'SilverStripe\\CMS\\Model\\SiteTree'),
(32, 'SilverStripe\\Versioned\\ChangeSetItem', '2021-06-30 11:34:59', '2021-06-30 11:34:59', 3, 3, 'implicitly', 9, 4, 'SilverStripe\\Assets\\File'),
(33, 'SilverStripe\\Versioned\\ChangeSetItem', '2021-06-30 11:34:59', '2021-06-30 11:34:59', 0, 0, 'implicitly', 9, 2, 'SilverStripe\\Assets\\Shortcodes\\FileLink'),
(34, 'SilverStripe\\Versioned\\ChangeSetItem', '2021-06-30 11:34:59', '2021-06-30 11:34:59', 3, 3, 'implicitly', 9, 2, 'SilverStripe\\Assets\\File'),
(35, 'SilverStripe\\Versioned\\ChangeSetItem', '2021-06-30 11:34:59', '2021-06-30 11:34:59', 0, 0, 'implicitly', 9, 3, 'SilverStripe\\Assets\\Shortcodes\\FileLink'),
(36, 'SilverStripe\\Versioned\\ChangeSetItem', '2021-06-30 12:31:23', '2021-06-30 12:31:23', 15, 15, 'explicitly', 10, 1, 'SilverStripe\\CMS\\Model\\SiteTree'),
(37, 'SilverStripe\\Versioned\\ChangeSetItem', '2021-06-30 12:31:23', '2021-06-30 12:31:23', 3, 3, 'implicitly', 10, 4, 'SilverStripe\\Assets\\File'),
(38, 'SilverStripe\\Versioned\\ChangeSetItem', '2021-06-30 12:31:23', '2021-06-30 12:31:23', 0, 0, 'implicitly', 10, 2, 'SilverStripe\\Assets\\Shortcodes\\FileLink'),
(39, 'SilverStripe\\Versioned\\ChangeSetItem', '2021-06-30 12:31:23', '2021-06-30 12:31:23', 3, 3, 'implicitly', 10, 2, 'SilverStripe\\Assets\\File'),
(40, 'SilverStripe\\Versioned\\ChangeSetItem', '2021-06-30 12:31:23', '2021-06-30 12:31:23', 0, 0, 'implicitly', 10, 3, 'SilverStripe\\Assets\\Shortcodes\\FileLink'),
(41, 'SilverStripe\\Versioned\\ChangeSetItem', '2021-06-30 13:33:57', '2021-06-30 13:33:57', 15, 17, 'explicitly', 11, 1, 'SilverStripe\\CMS\\Model\\SiteTree'),
(42, 'SilverStripe\\Versioned\\ChangeSetItem', '2021-06-30 13:33:57', '2021-06-30 13:33:57', 3, 3, 'implicitly', 11, 4, 'SilverStripe\\Assets\\File'),
(43, 'SilverStripe\\Versioned\\ChangeSetItem', '2021-06-30 13:33:57', '2021-06-30 13:33:57', 0, 0, 'implicitly', 11, 2, 'SilverStripe\\Assets\\Shortcodes\\FileLink'),
(44, 'SilverStripe\\Versioned\\ChangeSetItem', '2021-06-30 13:33:57', '2021-06-30 13:33:57', 3, 3, 'implicitly', 11, 2, 'SilverStripe\\Assets\\File'),
(45, 'SilverStripe\\Versioned\\ChangeSetItem', '2021-06-30 13:33:57', '2021-06-30 13:33:57', 0, 0, 'implicitly', 11, 3, 'SilverStripe\\Assets\\Shortcodes\\FileLink'),
(46, 'SilverStripe\\Versioned\\ChangeSetItem', '2021-06-30 13:38:37', '2021-06-30 13:38:37', 17, 20, 'explicitly', 12, 1, 'SilverStripe\\CMS\\Model\\SiteTree'),
(47, 'SilverStripe\\Versioned\\ChangeSetItem', '2021-06-30 13:38:37', '2021-06-30 13:38:37', 3, 3, 'implicitly', 12, 4, 'SilverStripe\\Assets\\File'),
(48, 'SilverStripe\\Versioned\\ChangeSetItem', '2021-06-30 13:38:37', '2021-06-30 13:38:37', 0, 0, 'implicitly', 12, 2, 'SilverStripe\\Assets\\Shortcodes\\FileLink'),
(49, 'SilverStripe\\Versioned\\ChangeSetItem', '2021-06-30 13:38:37', '2021-06-30 13:38:37', 3, 3, 'implicitly', 12, 2, 'SilverStripe\\Assets\\File'),
(50, 'SilverStripe\\Versioned\\ChangeSetItem', '2021-06-30 13:38:37', '2021-06-30 13:38:37', 0, 0, 'implicitly', 12, 3, 'SilverStripe\\Assets\\Shortcodes\\FileLink'),
(51, 'SilverStripe\\Versioned\\ChangeSetItem', '2021-06-30 13:45:52', '2021-06-30 13:45:52', 20, 22, 'explicitly', 13, 1, 'SilverStripe\\CMS\\Model\\SiteTree'),
(52, 'SilverStripe\\Versioned\\ChangeSetItem', '2021-06-30 13:45:52', '2021-06-30 13:45:52', 3, 3, 'implicitly', 13, 4, 'SilverStripe\\Assets\\File'),
(53, 'SilverStripe\\Versioned\\ChangeSetItem', '2021-06-30 13:45:52', '2021-06-30 13:45:52', 0, 0, 'implicitly', 13, 2, 'SilverStripe\\Assets\\Shortcodes\\FileLink'),
(54, 'SilverStripe\\Versioned\\ChangeSetItem', '2021-06-30 13:45:52', '2021-06-30 13:45:52', 3, 3, 'implicitly', 13, 2, 'SilverStripe\\Assets\\File'),
(55, 'SilverStripe\\Versioned\\ChangeSetItem', '2021-06-30 13:45:52', '2021-06-30 13:45:52', 0, 0, 'implicitly', 13, 3, 'SilverStripe\\Assets\\Shortcodes\\FileLink'),
(56, 'SilverStripe\\Versioned\\ChangeSetItem', '2021-06-30 13:48:37', '2021-06-30 13:48:37', 22, 24, 'explicitly', 14, 1, 'SilverStripe\\CMS\\Model\\SiteTree'),
(57, 'SilverStripe\\Versioned\\ChangeSetItem', '2021-06-30 13:48:37', '2021-06-30 13:48:37', 3, 3, 'implicitly', 14, 4, 'SilverStripe\\Assets\\File'),
(58, 'SilverStripe\\Versioned\\ChangeSetItem', '2021-06-30 13:48:37', '2021-06-30 13:48:37', 0, 0, 'implicitly', 14, 2, 'SilverStripe\\Assets\\Shortcodes\\FileLink'),
(59, 'SilverStripe\\Versioned\\ChangeSetItem', '2021-06-30 13:48:37', '2021-06-30 13:48:37', 3, 3, 'implicitly', 14, 2, 'SilverStripe\\Assets\\File'),
(60, 'SilverStripe\\Versioned\\ChangeSetItem', '2021-06-30 13:48:37', '2021-06-30 13:48:37', 0, 0, 'implicitly', 14, 3, 'SilverStripe\\Assets\\Shortcodes\\FileLink'),
(61, 'SilverStripe\\Versioned\\ChangeSetItem', '2021-06-30 13:51:11', '2021-06-30 13:51:11', 24, 26, 'explicitly', 15, 1, 'SilverStripe\\CMS\\Model\\SiteTree'),
(62, 'SilverStripe\\Versioned\\ChangeSetItem', '2021-06-30 13:51:11', '2021-06-30 13:51:11', 3, 3, 'implicitly', 15, 4, 'SilverStripe\\Assets\\File'),
(63, 'SilverStripe\\Versioned\\ChangeSetItem', '2021-06-30 13:51:11', '2021-06-30 13:51:11', 0, 0, 'implicitly', 15, 2, 'SilverStripe\\Assets\\Shortcodes\\FileLink'),
(64, 'SilverStripe\\Versioned\\ChangeSetItem', '2021-06-30 13:51:11', '2021-06-30 13:51:11', 3, 3, 'implicitly', 15, 2, 'SilverStripe\\Assets\\File'),
(65, 'SilverStripe\\Versioned\\ChangeSetItem', '2021-06-30 13:51:11', '2021-06-30 13:51:11', 0, 0, 'implicitly', 15, 3, 'SilverStripe\\Assets\\Shortcodes\\FileLink'),
(66, 'SilverStripe\\Versioned\\ChangeSetItem', '2021-06-30 13:54:45', '2021-06-30 13:54:45', 26, 28, 'explicitly', 16, 1, 'SilverStripe\\CMS\\Model\\SiteTree'),
(67, 'SilverStripe\\Versioned\\ChangeSetItem', '2021-06-30 13:54:45', '2021-06-30 13:54:45', 3, 3, 'implicitly', 16, 4, 'SilverStripe\\Assets\\File'),
(68, 'SilverStripe\\Versioned\\ChangeSetItem', '2021-06-30 13:54:45', '2021-06-30 13:54:45', 0, 0, 'implicitly', 16, 2, 'SilverStripe\\Assets\\Shortcodes\\FileLink'),
(69, 'SilverStripe\\Versioned\\ChangeSetItem', '2021-06-30 13:54:45', '2021-06-30 13:54:45', 3, 3, 'implicitly', 16, 2, 'SilverStripe\\Assets\\File'),
(70, 'SilverStripe\\Versioned\\ChangeSetItem', '2021-06-30 13:54:45', '2021-06-30 13:54:45', 0, 0, 'implicitly', 16, 3, 'SilverStripe\\Assets\\Shortcodes\\FileLink'),
(71, 'SilverStripe\\Versioned\\ChangeSetItem', '2021-06-30 14:00:32', '2021-06-30 14:00:32', 28, 30, 'explicitly', 17, 1, 'SilverStripe\\CMS\\Model\\SiteTree'),
(72, 'SilverStripe\\Versioned\\ChangeSetItem', '2021-06-30 14:00:32', '2021-06-30 14:00:32', 3, 3, 'implicitly', 17, 4, 'SilverStripe\\Assets\\File'),
(73, 'SilverStripe\\Versioned\\ChangeSetItem', '2021-06-30 14:00:32', '2021-06-30 14:00:32', 0, 0, 'implicitly', 17, 2, 'SilverStripe\\Assets\\Shortcodes\\FileLink'),
(74, 'SilverStripe\\Versioned\\ChangeSetItem', '2021-06-30 14:00:32', '2021-06-30 14:00:32', 3, 3, 'implicitly', 17, 2, 'SilverStripe\\Assets\\File'),
(75, 'SilverStripe\\Versioned\\ChangeSetItem', '2021-06-30 14:00:32', '2021-06-30 14:00:32', 0, 0, 'implicitly', 17, 3, 'SilverStripe\\Assets\\Shortcodes\\FileLink'),
(76, 'SilverStripe\\Versioned\\ChangeSetItem', '2021-06-30 14:02:24', '2021-06-30 14:02:24', 30, 32, 'explicitly', 18, 1, 'SilverStripe\\CMS\\Model\\SiteTree'),
(77, 'SilverStripe\\Versioned\\ChangeSetItem', '2021-06-30 14:02:24', '2021-06-30 14:02:24', 3, 3, 'implicitly', 18, 4, 'SilverStripe\\Assets\\File'),
(78, 'SilverStripe\\Versioned\\ChangeSetItem', '2021-06-30 14:02:24', '2021-06-30 14:02:24', 0, 0, 'implicitly', 18, 2, 'SilverStripe\\Assets\\Shortcodes\\FileLink'),
(79, 'SilverStripe\\Versioned\\ChangeSetItem', '2021-06-30 14:02:24', '2021-06-30 14:02:24', 3, 3, 'implicitly', 18, 2, 'SilverStripe\\Assets\\File'),
(80, 'SilverStripe\\Versioned\\ChangeSetItem', '2021-06-30 14:02:24', '2021-06-30 14:02:24', 0, 0, 'implicitly', 18, 3, 'SilverStripe\\Assets\\Shortcodes\\FileLink'),
(81, 'SilverStripe\\Versioned\\ChangeSetItem', '2021-06-30 14:06:00', '2021-06-30 14:06:00', 32, 34, 'explicitly', 19, 1, 'SilverStripe\\CMS\\Model\\SiteTree'),
(82, 'SilverStripe\\Versioned\\ChangeSetItem', '2021-06-30 14:06:00', '2021-06-30 14:06:00', 3, 3, 'implicitly', 19, 4, 'SilverStripe\\Assets\\File'),
(83, 'SilverStripe\\Versioned\\ChangeSetItem', '2021-06-30 14:06:00', '2021-06-30 14:06:00', 0, 0, 'implicitly', 19, 2, 'SilverStripe\\Assets\\Shortcodes\\FileLink'),
(84, 'SilverStripe\\Versioned\\ChangeSetItem', '2021-06-30 14:06:00', '2021-06-30 14:06:00', 3, 3, 'implicitly', 19, 2, 'SilverStripe\\Assets\\File'),
(85, 'SilverStripe\\Versioned\\ChangeSetItem', '2021-06-30 14:06:00', '2021-06-30 14:06:00', 0, 0, 'implicitly', 19, 3, 'SilverStripe\\Assets\\Shortcodes\\FileLink'),
(86, 'SilverStripe\\Versioned\\ChangeSetItem', '2021-06-30 14:17:46', '2021-06-30 14:17:46', 34, 36, 'explicitly', 20, 1, 'SilverStripe\\CMS\\Model\\SiteTree'),
(87, 'SilverStripe\\Versioned\\ChangeSetItem', '2021-06-30 14:17:46', '2021-06-30 14:17:46', 3, 3, 'implicitly', 20, 4, 'SilverStripe\\Assets\\File'),
(88, 'SilverStripe\\Versioned\\ChangeSetItem', '2021-06-30 14:17:46', '2021-06-30 14:17:46', 0, 0, 'implicitly', 20, 2, 'SilverStripe\\Assets\\Shortcodes\\FileLink'),
(89, 'SilverStripe\\Versioned\\ChangeSetItem', '2021-06-30 14:17:46', '2021-06-30 14:17:46', 3, 3, 'implicitly', 20, 2, 'SilverStripe\\Assets\\File'),
(90, 'SilverStripe\\Versioned\\ChangeSetItem', '2021-06-30 14:17:46', '2021-06-30 14:17:46', 0, 0, 'implicitly', 20, 3, 'SilverStripe\\Assets\\Shortcodes\\FileLink'),
(91, 'SilverStripe\\Versioned\\ChangeSetItem', '2021-06-30 14:21:29', '2021-06-30 14:21:29', 36, 38, 'explicitly', 21, 1, 'SilverStripe\\CMS\\Model\\SiteTree'),
(92, 'SilverStripe\\Versioned\\ChangeSetItem', '2021-06-30 14:21:29', '2021-06-30 14:21:29', 3, 3, 'implicitly', 21, 4, 'SilverStripe\\Assets\\File'),
(93, 'SilverStripe\\Versioned\\ChangeSetItem', '2021-06-30 14:21:29', '2021-06-30 14:21:29', 0, 0, 'implicitly', 21, 2, 'SilverStripe\\Assets\\Shortcodes\\FileLink'),
(94, 'SilverStripe\\Versioned\\ChangeSetItem', '2021-06-30 14:21:29', '2021-06-30 14:21:29', 3, 3, 'implicitly', 21, 2, 'SilverStripe\\Assets\\File'),
(95, 'SilverStripe\\Versioned\\ChangeSetItem', '2021-06-30 14:21:29', '2021-06-30 14:21:29', 0, 0, 'implicitly', 21, 3, 'SilverStripe\\Assets\\Shortcodes\\FileLink');

-- --------------------------------------------------------

--
-- Table structure for table `changesetitem_referencedby`
--

CREATE TABLE `changesetitem_referencedby` (
  `ID` int(11) NOT NULL,
  `ChangeSetItemID` int(11) NOT NULL DEFAULT 0,
  `ChildID` int(11) NOT NULL DEFAULT 0
) ENGINE=InnoDB DEFAULT CHARSET=utf8;

--
-- Dumping data for table `changesetitem_referencedby`
--

INSERT INTO `changesetitem_referencedby` (`ID`, `ChangeSetItemID`, `ChildID`) VALUES
(1, 6, 5),
(2, 7, 5),
(3, 8, 5),
(4, 9, 5),
(5, 10, 5),
(6, 11, 5),
(7, 13, 12),
(8, 14, 12),
(9, 15, 12),
(10, 16, 12),
(11, 17, 12),
(12, 18, 12),
(13, 20, 19),
(14, 21, 19),
(15, 22, 19),
(16, 23, 19),
(17, 25, 24),
(18, 26, 24),
(19, 27, 24),
(20, 28, 24),
(21, 29, 24),
(22, 30, 24),
(23, 32, 31),
(24, 33, 31),
(25, 34, 31),
(26, 35, 31),
(27, 37, 36),
(28, 38, 36),
(29, 39, 36),
(30, 40, 36),
(31, 42, 41),
(32, 43, 41),
(33, 44, 41),
(34, 45, 41),
(35, 47, 46),
(36, 48, 46),
(37, 49, 46),
(38, 50, 46),
(39, 52, 51),
(40, 53, 51),
(41, 54, 51),
(42, 55, 51),
(43, 57, 56),
(44, 58, 56),
(45, 59, 56),
(46, 60, 56),
(47, 62, 61),
(48, 63, 61),
(49, 64, 61),
(50, 65, 61),
(51, 67, 66),
(52, 68, 66),
(53, 69, 66),
(54, 70, 66),
(55, 72, 71),
(56, 73, 71),
(57, 74, 71),
(58, 75, 71),
(59, 77, 76),
(60, 78, 76),
(61, 79, 76),
(62, 80, 76),
(63, 82, 81),
(64, 83, 81),
(65, 84, 81),
(66, 85, 81),
(67, 87, 86),
(68, 88, 86),
(69, 89, 86),
(70, 90, 86),
(71, 92, 91),
(72, 93, 91),
(73, 94, 91),
(74, 95, 91);

-- --------------------------------------------------------

--
-- Table structure for table `errorpage`
--

CREATE TABLE `errorpage` (
  `ID` int(11) NOT NULL,
  `ErrorCode` int(11) NOT NULL DEFAULT 0
) ENGINE=InnoDB DEFAULT CHARSET=utf8;

--
-- Dumping data for table `errorpage`
--

INSERT INTO `errorpage` (`ID`, `ErrorCode`) VALUES
(4, 404),
(5, 500);

-- --------------------------------------------------------

--
-- Table structure for table `errorpage_live`
--

CREATE TABLE `errorpage_live` (
  `ID` int(11) NOT NULL,
  `ErrorCode` int(11) NOT NULL DEFAULT 0
) ENGINE=InnoDB DEFAULT CHARSET=utf8;

--
-- Dumping data for table `errorpage_live`
--

INSERT INTO `errorpage_live` (`ID`, `ErrorCode`) VALUES
(4, 404),
(5, 500);

-- --------------------------------------------------------

--
-- Table structure for table `errorpage_versions`
--

CREATE TABLE `errorpage_versions` (
  `ID` int(11) NOT NULL,
  `RecordID` int(11) NOT NULL DEFAULT 0,
  `Version` int(11) NOT NULL DEFAULT 0,
  `ErrorCode` int(11) NOT NULL DEFAULT 0
) ENGINE=InnoDB DEFAULT CHARSET=utf8;

--
-- Dumping data for table `errorpage_versions`
--

INSERT INTO `errorpage_versions` (`ID`, `RecordID`, `Version`, `ErrorCode`) VALUES
(1, 4, 1, 404),
(2, 4, 2, 404),
(3, 5, 1, 500),
(4, 5, 2, 500);

-- --------------------------------------------------------

--
-- Table structure for table `file`
--

CREATE TABLE `file` (
  `ID` int(11) NOT NULL,
  `ClassName` enum('SilverStripe\\Assets\\File','SilverStripe\\Assets\\Folder','SilverStripe\\Assets\\Image') CHARACTER SET utf8mb4 COLLATE utf8mb4_unicode_ci DEFAULT 'SilverStripe\\Assets\\File',
  `LastEdited` datetime DEFAULT NULL,
  `Created` datetime DEFAULT NULL,
  `Version` int(11) NOT NULL DEFAULT 0,
  `CanViewType` enum('Anyone','LoggedInUsers','OnlyTheseUsers','Inherit') CHARACTER SET utf8mb4 COLLATE utf8mb4_unicode_ci DEFAULT 'Inherit',
  `CanEditType` enum('LoggedInUsers','OnlyTheseUsers','Inherit') CHARACTER SET utf8mb4 COLLATE utf8mb4_unicode_ci DEFAULT 'Inherit',
  `Name` varchar(255) CHARACTER SET utf8mb4 COLLATE utf8mb4_unicode_ci DEFAULT NULL,
  `Title` varchar(255) CHARACTER SET utf8mb4 COLLATE utf8mb4_unicode_ci DEFAULT NULL,
  `ShowInSearch` tinyint(1) UNSIGNED NOT NULL DEFAULT 1,
  `ParentID` int(11) NOT NULL DEFAULT 0,
  `OwnerID` int(11) NOT NULL DEFAULT 0,
  `FileHash` varchar(255) CHARACTER SET utf8mb4 COLLATE utf8mb4_unicode_ci DEFAULT NULL,
  `FileFilename` varchar(255) CHARACTER SET utf8mb4 COLLATE utf8mb4_unicode_ci DEFAULT NULL,
  `FileVariant` varchar(255) CHARACTER SET utf8mb4 COLLATE utf8mb4_unicode_ci DEFAULT NULL
) ENGINE=InnoDB DEFAULT CHARSET=utf8;

--
-- Dumping data for table `file`
--

INSERT INTO `file` (`ID`, `ClassName`, `LastEdited`, `Created`, `Version`, `CanViewType`, `CanEditType`, `Name`, `Title`, `ShowInSearch`, `ParentID`, `OwnerID`, `FileHash`, `FileFilename`, `FileVariant`) VALUES
(2, 'SilverStripe\\Assets\\Image', '2021-06-30 10:56:55', '2021-06-30 10:50:55', 3, 'Inherit', 'Inherit', 'speed.png', 'speed', 1, 0, 1, '332b73274a4d60cd849f41e2634966ae0018798b', 'speed.png', NULL),
(3, 'SilverStripe\\Assets\\Image', '2021-06-30 10:56:55', '2021-06-30 10:52:25', 3, 'Inherit', 'Inherit', 'logo.png', 'logo', 1, 0, 1, '74b08c24e8099fffb849b4001dc997f9e93dbf30', 'logo.png', NULL),
(4, 'SilverStripe\\Assets\\Image', '2021-06-30 10:56:55', '2021-06-30 10:56:08', 3, 'Inherit', 'Inherit', 'look.png', 'look', 1, 0, 1, '8f44e45d4962014d197cc60a93d49e3a50af842d', 'look.png', NULL),
(5, 'SilverStripe\\Assets\\Image', '2021-06-30 11:33:43', '2021-06-30 11:33:10', 3, 'Inherit', 'Inherit', 'logo_footer.png', 'logo footer', 1, 0, 1, '74e0bfb40a94289d830c33e456169d18481d568e', 'logo_footer.png', NULL),
(6, 'SilverStripe\\Assets\\Image', '2021-06-30 12:27:41', '2021-06-30 12:27:40', 2, 'Inherit', 'Inherit', 'poi.png', 'poi', 1, 0, 1, '9ced96dac4bf11c88bdbc6b48307e01ca8e40496', 'poi.png', NULL),
(7, 'SilverStripe\\Assets\\Image', '2021-06-30 12:28:45', '2021-06-30 12:28:44', 2, 'Inherit', 'Inherit', 'linkedin.png', 'linkedin', 1, 0, 1, '8f8aec660588d7490a39549b84afd96e07f29e52', 'linkedin.png', NULL),
(8, 'SilverStripe\\Assets\\Image', '2021-06-30 12:29:12', '2021-06-30 12:29:12', 2, 'Inherit', 'Inherit', 'facebook.png', 'facebook', 1, 0, 1, '90f8dfb1c57ef8448b0f4e61678f84417e0de430', 'facebook.png', NULL),
(9, 'SilverStripe\\Assets\\Image', '2021-06-30 12:29:55', '2021-06-30 12:29:54', 2, 'Inherit', 'Inherit', 'silverstripe.png', 'silverstripe', 1, 0, 1, '99733379ca34b8862fe33d70347961169214e01f', 'silverstripe.png', NULL);

-- --------------------------------------------------------

--
-- Table structure for table `filelink`
--

CREATE TABLE `filelink` (
  `ID` int(11) NOT NULL,
  `ClassName` enum('SilverStripe\\Assets\\Shortcodes\\FileLink') CHARACTER SET utf8mb4 COLLATE utf8mb4_unicode_ci DEFAULT 'SilverStripe\\Assets\\Shortcodes\\FileLink',
  `LastEdited` datetime DEFAULT NULL,
  `Created` datetime DEFAULT NULL,
  `LinkedID` int(11) NOT NULL DEFAULT 0,
  `ParentID` int(11) NOT NULL DEFAULT 0,
  `ParentClass` enum('UserData','SilverStripe\\Assets\\File','SilverStripe\\SiteConfig\\SiteConfig','SilverStripe\\Versioned\\ChangeSet','SilverStripe\\Versioned\\ChangeSetItem','SilverStripe\\Assets\\Shortcodes\\FileLink','SilverStripe\\CMS\\Model\\SiteTree','SilverStripe\\CMS\\Model\\SiteTreeLink','SilverStripe\\Security\\Group','SilverStripe\\Security\\LoginAttempt','SilverStripe\\Security\\Member','SilverStripe\\Security\\MemberPassword','SilverStripe\\Security\\Permission','SilverStripe\\Security\\PermissionRole','SilverStripe\\Security\\PermissionRoleCode','SilverStripe\\Security\\RememberLoginHash','SilverStripe\\Assets\\Folder','SilverStripe\\Assets\\Image','Page','SilverStripe\\ErrorPage\\ErrorPage','SilverStripe\\CMS\\Model\\RedirectorPage','SilverStripe\\CMS\\Model\\VirtualPage') CHARACTER SET utf8mb4 COLLATE utf8mb4_unicode_ci DEFAULT 'UserData'
) ENGINE=InnoDB DEFAULT CHARSET=utf8;

--
-- Dumping data for table `filelink`
--

INSERT INTO `filelink` (`ID`, `ClassName`, `LastEdited`, `Created`, `LinkedID`, `ParentID`, `ParentClass`) VALUES
(2, 'SilverStripe\\Assets\\Shortcodes\\FileLink', '2021-06-30 10:56:41', '2021-06-30 10:56:41', 4, 1, 'Page'),
(3, 'SilverStripe\\Assets\\Shortcodes\\FileLink', '2021-06-30 10:56:41', '2021-06-30 10:56:41', 2, 1, 'Page');

-- --------------------------------------------------------

--
-- Table structure for table `file_editorgroups`
--

CREATE TABLE `file_editorgroups` (
  `ID` int(11) NOT NULL,
  `FileID` int(11) NOT NULL DEFAULT 0,
  `GroupID` int(11) NOT NULL DEFAULT 0
) ENGINE=InnoDB DEFAULT CHARSET=utf8;

-- --------------------------------------------------------

--
-- Table structure for table `file_live`
--

CREATE TABLE `file_live` (
  `ID` int(11) NOT NULL,
  `ClassName` enum('SilverStripe\\Assets\\File','SilverStripe\\Assets\\Folder','SilverStripe\\Assets\\Image') CHARACTER SET utf8mb4 COLLATE utf8mb4_unicode_ci DEFAULT 'SilverStripe\\Assets\\File',
  `LastEdited` datetime DEFAULT NULL,
  `Created` datetime DEFAULT NULL,
  `Version` int(11) NOT NULL DEFAULT 0,
  `CanViewType` enum('Anyone','LoggedInUsers','OnlyTheseUsers','Inherit') CHARACTER SET utf8mb4 COLLATE utf8mb4_unicode_ci DEFAULT 'Inherit',
  `CanEditType` enum('LoggedInUsers','OnlyTheseUsers','Inherit') CHARACTER SET utf8mb4 COLLATE utf8mb4_unicode_ci DEFAULT 'Inherit',
  `Name` varchar(255) CHARACTER SET utf8mb4 COLLATE utf8mb4_unicode_ci DEFAULT NULL,
  `Title` varchar(255) CHARACTER SET utf8mb4 COLLATE utf8mb4_unicode_ci DEFAULT NULL,
  `ShowInSearch` tinyint(1) UNSIGNED NOT NULL DEFAULT 1,
  `ParentID` int(11) NOT NULL DEFAULT 0,
  `OwnerID` int(11) NOT NULL DEFAULT 0,
  `FileHash` varchar(255) CHARACTER SET utf8mb4 COLLATE utf8mb4_unicode_ci DEFAULT NULL,
  `FileFilename` varchar(255) CHARACTER SET utf8mb4 COLLATE utf8mb4_unicode_ci DEFAULT NULL,
  `FileVariant` varchar(255) CHARACTER SET utf8mb4 COLLATE utf8mb4_unicode_ci DEFAULT NULL
) ENGINE=InnoDB DEFAULT CHARSET=utf8;

--
-- Dumping data for table `file_live`
--

INSERT INTO `file_live` (`ID`, `ClassName`, `LastEdited`, `Created`, `Version`, `CanViewType`, `CanEditType`, `Name`, `Title`, `ShowInSearch`, `ParentID`, `OwnerID`, `FileHash`, `FileFilename`, `FileVariant`) VALUES
(2, 'SilverStripe\\Assets\\Image', '2021-06-30 10:56:55', '2021-06-30 10:50:55', 3, 'Inherit', 'Inherit', 'speed.png', 'speed', 1, 0, 1, '332b73274a4d60cd849f41e2634966ae0018798b', 'speed.png', NULL),
(3, 'SilverStripe\\Assets\\Image', '2021-06-30 10:56:55', '2021-06-30 10:52:25', 3, 'Inherit', 'Inherit', 'logo.png', 'logo', 1, 0, 1, '74b08c24e8099fffb849b4001dc997f9e93dbf30', 'logo.png', NULL),
(4, 'SilverStripe\\Assets\\Image', '2021-06-30 10:56:55', '2021-06-30 10:56:08', 3, 'Inherit', 'Inherit', 'look.png', 'look', 1, 0, 1, '8f44e45d4962014d197cc60a93d49e3a50af842d', 'look.png', NULL),
(5, 'SilverStripe\\Assets\\Image', '2021-06-30 11:33:43', '2021-06-30 11:33:10', 3, 'Inherit', 'Inherit', 'logo_footer.png', 'logo footer', 1, 0, 1, '74e0bfb40a94289d830c33e456169d18481d568e', 'logo_footer.png', NULL);

-- --------------------------------------------------------

--
-- Table structure for table `file_versions`
--

CREATE TABLE `file_versions` (
  `ID` int(11) NOT NULL,
  `RecordID` int(11) NOT NULL DEFAULT 0,
  `Version` int(11) NOT NULL DEFAULT 0,
  `WasPublished` tinyint(1) UNSIGNED NOT NULL DEFAULT 0,
  `WasDeleted` tinyint(1) UNSIGNED NOT NULL DEFAULT 0,
  `WasDraft` tinyint(1) UNSIGNED NOT NULL DEFAULT 1,
  `AuthorID` int(11) NOT NULL DEFAULT 0,
  `PublisherID` int(11) NOT NULL DEFAULT 0,
  `ClassName` enum('SilverStripe\\Assets\\File','SilverStripe\\Assets\\Folder','SilverStripe\\Assets\\Image') CHARACTER SET utf8mb4 COLLATE utf8mb4_unicode_ci DEFAULT 'SilverStripe\\Assets\\File',
  `LastEdited` datetime DEFAULT NULL,
  `Created` datetime DEFAULT NULL,
  `CanViewType` enum('Anyone','LoggedInUsers','OnlyTheseUsers','Inherit') CHARACTER SET utf8mb4 COLLATE utf8mb4_unicode_ci DEFAULT 'Inherit',
  `CanEditType` enum('LoggedInUsers','OnlyTheseUsers','Inherit') CHARACTER SET utf8mb4 COLLATE utf8mb4_unicode_ci DEFAULT 'Inherit',
  `Name` varchar(255) CHARACTER SET utf8mb4 COLLATE utf8mb4_unicode_ci DEFAULT NULL,
  `Title` varchar(255) CHARACTER SET utf8mb4 COLLATE utf8mb4_unicode_ci DEFAULT NULL,
  `ShowInSearch` tinyint(1) UNSIGNED NOT NULL DEFAULT 1,
  `ParentID` int(11) NOT NULL DEFAULT 0,
  `OwnerID` int(11) NOT NULL DEFAULT 0,
  `FileHash` varchar(255) CHARACTER SET utf8mb4 COLLATE utf8mb4_unicode_ci DEFAULT NULL,
  `FileFilename` varchar(255) CHARACTER SET utf8mb4 COLLATE utf8mb4_unicode_ci DEFAULT NULL,
  `FileVariant` varchar(255) CHARACTER SET utf8mb4 COLLATE utf8mb4_unicode_ci DEFAULT NULL
) ENGINE=InnoDB DEFAULT CHARSET=utf8;

--
-- Dumping data for table `file_versions`
--

INSERT INTO `file_versions` (`ID`, `RecordID`, `Version`, `WasPublished`, `WasDeleted`, `WasDraft`, `AuthorID`, `PublisherID`, `ClassName`, `LastEdited`, `Created`, `CanViewType`, `CanEditType`, `Name`, `Title`, `ShowInSearch`, `ParentID`, `OwnerID`, `FileHash`, `FileFilename`, `FileVariant`) VALUES
(1, 1, 1, 0, 0, 1, 1, 0, 'SilverStripe\\Assets\\Image', '2021-06-28 10:09:20', '2021-06-28 10:09:20', 'Inherit', 'Inherit', 'bg.png', 'bg', 1, 0, 1, '71fb469133bb4bc648c241dd8935ae37b22f1aa3', 'bg.png', NULL),
(2, 1, 2, 0, 0, 1, 1, 0, 'SilverStripe\\Assets\\Image', '2021-06-28 10:09:20', '2021-06-28 10:09:20', 'Inherit', 'Inherit', 'bg.png', 'bg', 1, 0, 1, '71fb469133bb4bc648c241dd8935ae37b22f1aa3', 'bg.png', NULL),
(3, 1, 3, 1, 1, 1, 1, 1, 'SilverStripe\\Assets\\Image', '2021-06-30 09:19:40', '2021-06-28 10:09:20', 'Inherit', 'Inherit', 'bg.png', 'bg', 1, 0, 1, '71fb469133bb4bc648c241dd8935ae37b22f1aa3', 'bg.png', NULL),
(4, 2, 1, 0, 0, 1, 1, 0, 'SilverStripe\\Assets\\Image', '2021-06-30 10:50:55', '2021-06-30 10:50:55', 'Inherit', 'Inherit', 'speed.png', 'speed', 1, 0, 1, '332b73274a4d60cd849f41e2634966ae0018798b', 'speed.png', NULL),
(5, 2, 2, 0, 0, 1, 1, 0, 'SilverStripe\\Assets\\Image', '2021-06-30 10:50:55', '2021-06-30 10:50:55', 'Inherit', 'Inherit', 'speed.png', 'speed', 1, 0, 1, '332b73274a4d60cd849f41e2634966ae0018798b', 'speed.png', NULL),
(6, 3, 1, 0, 0, 1, 1, 0, 'SilverStripe\\Assets\\Image', '2021-06-30 10:52:25', '2021-06-30 10:52:25', 'Inherit', 'Inherit', 'logo.png', 'logo', 1, 0, 1, '74b08c24e8099fffb849b4001dc997f9e93dbf30', 'logo.png', NULL),
(7, 3, 2, 0, 0, 1, 1, 0, 'SilverStripe\\Assets\\Image', '2021-06-30 10:52:25', '2021-06-30 10:52:25', 'Inherit', 'Inherit', 'logo.png', 'logo', 1, 0, 1, '74b08c24e8099fffb849b4001dc997f9e93dbf30', 'logo.png', NULL),
(8, 4, 1, 0, 0, 1, 1, 0, 'SilverStripe\\Assets\\Image', '2021-06-30 10:56:08', '2021-06-30 10:56:08', 'Inherit', 'Inherit', 'look.png', 'look', 1, 0, 1, '8f44e45d4962014d197cc60a93d49e3a50af842d', 'look.png', NULL),
(9, 4, 2, 0, 0, 1, 1, 0, 'SilverStripe\\Assets\\Image', '2021-06-30 10:56:08', '2021-06-30 10:56:08', 'Inherit', 'Inherit', 'look.png', 'look', 1, 0, 1, '8f44e45d4962014d197cc60a93d49e3a50af842d', 'look.png', NULL),
(10, 3, 3, 1, 0, 1, 1, 1, 'SilverStripe\\Assets\\Image', '2021-06-30 10:56:55', '2021-06-30 10:52:25', 'Inherit', 'Inherit', 'logo.png', 'logo', 1, 0, 1, '74b08c24e8099fffb849b4001dc997f9e93dbf30', 'logo.png', NULL),
(11, 4, 3, 1, 0, 1, 1, 1, 'SilverStripe\\Assets\\Image', '2021-06-30 10:56:55', '2021-06-30 10:56:08', 'Inherit', 'Inherit', 'look.png', 'look', 1, 0, 1, '8f44e45d4962014d197cc60a93d49e3a50af842d', 'look.png', NULL),
(12, 2, 3, 1, 0, 1, 1, 1, 'SilverStripe\\Assets\\Image', '2021-06-30 10:56:55', '2021-06-30 10:50:55', 'Inherit', 'Inherit', 'speed.png', 'speed', 1, 0, 1, '332b73274a4d60cd849f41e2634966ae0018798b', 'speed.png', NULL),
(13, 5, 1, 0, 0, 1, 1, 0, 'SilverStripe\\Assets\\Image', '2021-06-30 11:33:10', '2021-06-30 11:33:10', 'Inherit', 'Inherit', 'logo_footer.png', 'logo footer', 1, 0, 1, '74e0bfb40a94289d830c33e456169d18481d568e', 'logo_footer.png', NULL),
(14, 5, 2, 0, 0, 1, 1, 0, 'SilverStripe\\Assets\\Image', '2021-06-30 11:33:10', '2021-06-30 11:33:10', 'Inherit', 'Inherit', 'logo_footer.png', 'logo footer', 1, 0, 1, '74e0bfb40a94289d830c33e456169d18481d568e', 'logo_footer.png', NULL),
(15, 5, 3, 1, 0, 1, 1, 1, 'SilverStripe\\Assets\\Image', '2021-06-30 11:33:43', '2021-06-30 11:33:10', 'Inherit', 'Inherit', 'logo_footer.png', 'logo footer', 1, 0, 1, '74e0bfb40a94289d830c33e456169d18481d568e', 'logo_footer.png', NULL),
(16, 6, 1, 0, 0, 1, 1, 0, 'SilverStripe\\Assets\\Image', '2021-06-30 12:27:40', '2021-06-30 12:27:40', 'Inherit', 'Inherit', 'poi.png', 'poi', 1, 0, 1, '9ced96dac4bf11c88bdbc6b48307e01ca8e40496', 'poi.png', NULL),
(17, 6, 2, 0, 0, 1, 1, 0, 'SilverStripe\\Assets\\Image', '2021-06-30 12:27:41', '2021-06-30 12:27:40', 'Inherit', 'Inherit', 'poi.png', 'poi', 1, 0, 1, '9ced96dac4bf11c88bdbc6b48307e01ca8e40496', 'poi.png', NULL),
(18, 7, 1, 0, 0, 1, 1, 0, 'SilverStripe\\Assets\\Image', '2021-06-30 12:28:44', '2021-06-30 12:28:44', 'Inherit', 'Inherit', 'linkedin.png', 'linkedin', 1, 0, 1, '8f8aec660588d7490a39549b84afd96e07f29e52', 'linkedin.png', NULL),
(19, 7, 2, 0, 0, 1, 1, 0, 'SilverStripe\\Assets\\Image', '2021-06-30 12:28:45', '2021-06-30 12:28:44', 'Inherit', 'Inherit', 'linkedin.png', 'linkedin', 1, 0, 1, '8f8aec660588d7490a39549b84afd96e07f29e52', 'linkedin.png', NULL),
(20, 8, 1, 0, 0, 1, 1, 0, 'SilverStripe\\Assets\\Image', '2021-06-30 12:29:12', '2021-06-30 12:29:12', 'Inherit', 'Inherit', 'facebook.png', 'facebook', 1, 0, 1, '90f8dfb1c57ef8448b0f4e61678f84417e0de430', 'facebook.png', NULL),
(21, 8, 2, 0, 0, 1, 1, 0, 'SilverStripe\\Assets\\Image', '2021-06-30 12:29:12', '2021-06-30 12:29:12', 'Inherit', 'Inherit', 'facebook.png', 'facebook', 1, 0, 1, '90f8dfb1c57ef8448b0f4e61678f84417e0de430', 'facebook.png', NULL),
(22, 9, 1, 0, 0, 1, 1, 0, 'SilverStripe\\Assets\\Image', '2021-06-30 12:29:54', '2021-06-30 12:29:54', 'Inherit', 'Inherit', 'silverstripe.png', 'silverstripe', 1, 0, 1, '99733379ca34b8862fe33d70347961169214e01f', 'silverstripe.png', NULL),
(23, 9, 2, 0, 0, 1, 1, 0, 'SilverStripe\\Assets\\Image', '2021-06-30 12:29:55', '2021-06-30 12:29:54', 'Inherit', 'Inherit', 'silverstripe.png', 'silverstripe', 1, 0, 1, '99733379ca34b8862fe33d70347961169214e01f', 'silverstripe.png', NULL);

-- --------------------------------------------------------

--
-- Table structure for table `file_viewergroups`
--

CREATE TABLE `file_viewergroups` (
  `ID` int(11) NOT NULL,
  `FileID` int(11) NOT NULL DEFAULT 0,
  `GroupID` int(11) NOT NULL DEFAULT 0
) ENGINE=InnoDB DEFAULT CHARSET=utf8;

-- --------------------------------------------------------

--
-- Table structure for table `group`
--

CREATE TABLE `group` (
  `ID` int(11) NOT NULL,
  `ClassName` enum('SilverStripe\\Security\\Group') CHARACTER SET utf8mb4 COLLATE utf8mb4_unicode_ci DEFAULT 'SilverStripe\\Security\\Group',
  `LastEdited` datetime DEFAULT NULL,
  `Created` datetime DEFAULT NULL,
  `Title` varchar(255) CHARACTER SET utf8mb4 COLLATE utf8mb4_unicode_ci DEFAULT NULL,
  `Description` mediumtext CHARACTER SET utf8mb4 COLLATE utf8mb4_unicode_ci DEFAULT NULL,
  `Code` varchar(255) CHARACTER SET utf8mb4 COLLATE utf8mb4_unicode_ci DEFAULT NULL,
  `Locked` tinyint(1) UNSIGNED NOT NULL DEFAULT 0,
  `Sort` int(11) NOT NULL DEFAULT 0,
  `HtmlEditorConfig` mediumtext CHARACTER SET utf8mb4 COLLATE utf8mb4_unicode_ci DEFAULT NULL,
  `ParentID` int(11) NOT NULL DEFAULT 0
) ENGINE=InnoDB DEFAULT CHARSET=utf8;

--
-- Dumping data for table `group`
--

INSERT INTO `group` (`ID`, `ClassName`, `LastEdited`, `Created`, `Title`, `Description`, `Code`, `Locked`, `Sort`, `HtmlEditorConfig`, `ParentID`) VALUES
(1, 'SilverStripe\\Security\\Group', '2021-06-28 09:41:15', '2021-06-28 09:41:15', 'Content Authors', NULL, 'content-authors', 0, 1, NULL, 0),
(2, 'SilverStripe\\Security\\Group', '2021-06-28 09:41:15', '2021-06-28 09:41:15', 'Administrators', NULL, 'administrators', 0, 0, NULL, 0);

-- --------------------------------------------------------

--
-- Table structure for table `group_members`
--

CREATE TABLE `group_members` (
  `ID` int(11) NOT NULL,
  `GroupID` int(11) NOT NULL DEFAULT 0,
  `MemberID` int(11) NOT NULL DEFAULT 0
) ENGINE=InnoDB DEFAULT CHARSET=utf8;

--
-- Dumping data for table `group_members`
--

INSERT INTO `group_members` (`ID`, `GroupID`, `MemberID`) VALUES
(1, 2, 1);

-- --------------------------------------------------------

--
-- Table structure for table `group_roles`
--

CREATE TABLE `group_roles` (
  `ID` int(11) NOT NULL,
  `GroupID` int(11) NOT NULL DEFAULT 0,
  `PermissionRoleID` int(11) NOT NULL DEFAULT 0
) ENGINE=InnoDB DEFAULT CHARSET=utf8;

-- --------------------------------------------------------

--
-- Table structure for table `loginattempt`
--

CREATE TABLE `loginattempt` (
  `ID` int(11) NOT NULL,
  `ClassName` enum('SilverStripe\\Security\\LoginAttempt') CHARACTER SET utf8mb4 COLLATE utf8mb4_unicode_ci DEFAULT 'SilverStripe\\Security\\LoginAttempt',
  `LastEdited` datetime DEFAULT NULL,
  `Created` datetime DEFAULT NULL,
  `Email` varchar(255) CHARACTER SET utf8mb4 COLLATE utf8mb4_unicode_ci DEFAULT NULL,
  `EmailHashed` varchar(255) CHARACTER SET utf8mb4 COLLATE utf8mb4_unicode_ci DEFAULT NULL,
  `Status` enum('Success','Failure') CHARACTER SET utf8mb4 COLLATE utf8mb4_unicode_ci DEFAULT 'Success',
  `IP` varchar(255) CHARACTER SET utf8mb4 COLLATE utf8mb4_unicode_ci DEFAULT NULL,
  `MemberID` int(11) NOT NULL DEFAULT 0
) ENGINE=InnoDB DEFAULT CHARSET=utf8;

--
-- Dumping data for table `loginattempt`
--

INSERT INTO `loginattempt` (`ID`, `ClassName`, `LastEdited`, `Created`, `Email`, `EmailHashed`, `Status`, `IP`, `MemberID`) VALUES
(1, 'SilverStripe\\Security\\LoginAttempt', '2021-06-28 09:55:52', '2021-06-28 09:55:52', NULL, 'd033e22ae348aeb5660fc2140aec35850c4da997', 'Success', '::1', 1),
(2, 'SilverStripe\\Security\\LoginAttempt', '2021-06-30 09:10:26', '2021-06-30 09:10:26', NULL, 'd033e22ae348aeb5660fc2140aec35850c4da997', 'Failure', '::1', 1),
(3, 'SilverStripe\\Security\\LoginAttempt', '2021-06-30 09:11:15', '2021-06-30 09:11:15', NULL, 'd033e22ae348aeb5660fc2140aec35850c4da997', 'Failure', '::1', 1),
(4, 'SilverStripe\\Security\\LoginAttempt', '2021-06-30 09:11:25', '2021-06-30 09:11:25', NULL, 'd033e22ae348aeb5660fc2140aec35850c4da997', 'Failure', '::1', 1),
(5, 'SilverStripe\\Security\\LoginAttempt', '2021-06-30 09:12:36', '2021-06-30 09:12:36', NULL, 'd033e22ae348aeb5660fc2140aec35850c4da997', 'Success', '::1', 1),
(6, 'SilverStripe\\Security\\LoginAttempt', '2021-06-30 09:21:49', '2021-06-30 09:21:49', NULL, 'd033e22ae348aeb5660fc2140aec35850c4da997', 'Success', '::1', 1);

-- --------------------------------------------------------

--
-- Table structure for table `member`
--

CREATE TABLE `member` (
  `ID` int(11) NOT NULL,
  `ClassName` enum('SilverStripe\\Security\\Member') CHARACTER SET utf8mb4 COLLATE utf8mb4_unicode_ci DEFAULT 'SilverStripe\\Security\\Member',
  `LastEdited` datetime DEFAULT NULL,
  `Created` datetime DEFAULT NULL,
  `FirstName` varchar(255) CHARACTER SET utf8mb4 COLLATE utf8mb4_unicode_ci DEFAULT NULL,
  `Surname` varchar(255) CHARACTER SET utf8mb4 COLLATE utf8mb4_unicode_ci DEFAULT NULL,
  `Email` varchar(254) CHARACTER SET utf8mb4 COLLATE utf8mb4_unicode_ci DEFAULT NULL,
  `TempIDHash` varchar(160) CHARACTER SET utf8mb4 COLLATE utf8mb4_unicode_ci DEFAULT NULL,
  `TempIDExpired` datetime DEFAULT NULL,
  `Password` varchar(160) CHARACTER SET utf8mb4 COLLATE utf8mb4_unicode_ci DEFAULT NULL,
  `AutoLoginHash` varchar(160) CHARACTER SET utf8mb4 COLLATE utf8mb4_unicode_ci DEFAULT NULL,
  `AutoLoginExpired` datetime DEFAULT NULL,
  `PasswordEncryption` varchar(50) CHARACTER SET utf8mb4 COLLATE utf8mb4_unicode_ci DEFAULT NULL,
  `Salt` varchar(50) CHARACTER SET utf8mb4 COLLATE utf8mb4_unicode_ci DEFAULT NULL,
  `PasswordExpiry` date DEFAULT NULL,
  `LockedOutUntil` datetime DEFAULT NULL,
  `Locale` varchar(6) CHARACTER SET utf8mb4 COLLATE utf8mb4_unicode_ci DEFAULT NULL,
  `FailedLoginCount` int(11) NOT NULL DEFAULT 0
) ENGINE=InnoDB DEFAULT CHARSET=utf8;

--
-- Dumping data for table `member`
--

INSERT INTO `member` (`ID`, `ClassName`, `LastEdited`, `Created`, `FirstName`, `Surname`, `Email`, `TempIDHash`, `TempIDExpired`, `Password`, `AutoLoginHash`, `AutoLoginExpired`, `PasswordEncryption`, `Salt`, `PasswordExpiry`, `LockedOutUntil`, `Locale`, `FailedLoginCount`) VALUES
(1, 'SilverStripe\\Security\\Member', '2021-06-30 09:21:49', '2021-06-28 09:55:52', 'Default Admin', NULL, 'admin', 'dd0b25ee4bb43067feeed17ff4978e3c214757b4', '2021-07-03 09:21:49', NULL, NULL, NULL, 'none', NULL, NULL, NULL, 'en_US', 0);

-- --------------------------------------------------------

--
-- Table structure for table `memberpassword`
--

CREATE TABLE `memberpassword` (
  `ID` int(11) NOT NULL,
  `ClassName` enum('SilverStripe\\Security\\MemberPassword') CHARACTER SET utf8mb4 COLLATE utf8mb4_unicode_ci DEFAULT 'SilverStripe\\Security\\MemberPassword',
  `LastEdited` datetime DEFAULT NULL,
  `Created` datetime DEFAULT NULL,
  `Password` varchar(160) CHARACTER SET utf8mb4 COLLATE utf8mb4_unicode_ci DEFAULT NULL,
  `Salt` varchar(50) CHARACTER SET utf8mb4 COLLATE utf8mb4_unicode_ci DEFAULT NULL,
  `PasswordEncryption` varchar(50) CHARACTER SET utf8mb4 COLLATE utf8mb4_unicode_ci DEFAULT NULL,
  `MemberID` int(11) NOT NULL DEFAULT 0
) ENGINE=InnoDB DEFAULT CHARSET=utf8;

--
-- Dumping data for table `memberpassword`
--

INSERT INTO `memberpassword` (`ID`, `ClassName`, `LastEdited`, `Created`, `Password`, `Salt`, `PasswordEncryption`, `MemberID`) VALUES
(1, 'SilverStripe\\Security\\MemberPassword', '2021-06-28 09:55:52', '2021-06-28 09:55:52', NULL, NULL, 'none', 1);

-- --------------------------------------------------------

--
-- Table structure for table `permission`
--

CREATE TABLE `permission` (
  `ID` int(11) NOT NULL,
  `ClassName` enum('SilverStripe\\Security\\Permission') CHARACTER SET utf8mb4 COLLATE utf8mb4_unicode_ci DEFAULT 'SilverStripe\\Security\\Permission',
  `LastEdited` datetime DEFAULT NULL,
  `Created` datetime DEFAULT NULL,
  `Code` varchar(255) CHARACTER SET utf8mb4 COLLATE utf8mb4_unicode_ci DEFAULT NULL,
  `Arg` int(11) NOT NULL DEFAULT 0,
  `Type` int(11) NOT NULL DEFAULT 1,
  `GroupID` int(11) NOT NULL DEFAULT 0
) ENGINE=InnoDB DEFAULT CHARSET=utf8;

--
-- Dumping data for table `permission`
--

INSERT INTO `permission` (`ID`, `ClassName`, `LastEdited`, `Created`, `Code`, `Arg`, `Type`, `GroupID`) VALUES
(1, 'SilverStripe\\Security\\Permission', '2021-06-28 09:41:15', '2021-06-28 09:41:15', 'CMS_ACCESS_CMSMain', 0, 1, 1),
(2, 'SilverStripe\\Security\\Permission', '2021-06-28 09:41:15', '2021-06-28 09:41:15', 'CMS_ACCESS_AssetAdmin', 0, 1, 1),
(3, 'SilverStripe\\Security\\Permission', '2021-06-28 09:41:15', '2021-06-28 09:41:15', 'CMS_ACCESS_ReportAdmin', 0, 1, 1),
(4, 'SilverStripe\\Security\\Permission', '2021-06-28 09:41:15', '2021-06-28 09:41:15', 'SITETREE_REORGANISE', 0, 1, 1),
(5, 'SilverStripe\\Security\\Permission', '2021-06-28 09:41:15', '2021-06-28 09:41:15', 'ADMIN', 0, 1, 2);

-- --------------------------------------------------------

--
-- Table structure for table `permissionrole`
--

CREATE TABLE `permissionrole` (
  `ID` int(11) NOT NULL,
  `ClassName` enum('SilverStripe\\Security\\PermissionRole') CHARACTER SET utf8mb4 COLLATE utf8mb4_unicode_ci DEFAULT 'SilverStripe\\Security\\PermissionRole',
  `LastEdited` datetime DEFAULT NULL,
  `Created` datetime DEFAULT NULL,
  `Title` varchar(255) CHARACTER SET utf8mb4 COLLATE utf8mb4_unicode_ci DEFAULT NULL,
  `OnlyAdminCanApply` tinyint(1) UNSIGNED NOT NULL DEFAULT 0
) ENGINE=InnoDB DEFAULT CHARSET=utf8;

-- --------------------------------------------------------

--
-- Table structure for table `permissionrolecode`
--

CREATE TABLE `permissionrolecode` (
  `ID` int(11) NOT NULL,
  `ClassName` enum('SilverStripe\\Security\\PermissionRoleCode') CHARACTER SET utf8mb4 COLLATE utf8mb4_unicode_ci DEFAULT 'SilverStripe\\Security\\PermissionRoleCode',
  `LastEdited` datetime DEFAULT NULL,
  `Created` datetime DEFAULT NULL,
  `Code` varchar(255) CHARACTER SET utf8mb4 COLLATE utf8mb4_unicode_ci DEFAULT NULL,
  `RoleID` int(11) NOT NULL DEFAULT 0
) ENGINE=InnoDB DEFAULT CHARSET=utf8;

-- --------------------------------------------------------

--
-- Table structure for table `redirectorpage`
--

CREATE TABLE `redirectorpage` (
  `ID` int(11) NOT NULL,
  `RedirectionType` enum('Internal','External') CHARACTER SET utf8mb4 COLLATE utf8mb4_unicode_ci DEFAULT 'Internal',
  `ExternalURL` varchar(2083) CHARACTER SET utf8mb4 COLLATE utf8mb4_unicode_ci DEFAULT NULL,
  `LinkToID` int(11) NOT NULL DEFAULT 0
) ENGINE=InnoDB DEFAULT CHARSET=utf8;

-- --------------------------------------------------------

--
-- Table structure for table `redirectorpage_live`
--

CREATE TABLE `redirectorpage_live` (
  `ID` int(11) NOT NULL,
  `RedirectionType` enum('Internal','External') CHARACTER SET utf8mb4 COLLATE utf8mb4_unicode_ci DEFAULT 'Internal',
  `ExternalURL` varchar(2083) CHARACTER SET utf8mb4 COLLATE utf8mb4_unicode_ci DEFAULT NULL,
  `LinkToID` int(11) NOT NULL DEFAULT 0
) ENGINE=InnoDB DEFAULT CHARSET=utf8;

-- --------------------------------------------------------

--
-- Table structure for table `redirectorpage_versions`
--

CREATE TABLE `redirectorpage_versions` (
  `ID` int(11) NOT NULL,
  `RecordID` int(11) NOT NULL DEFAULT 0,
  `Version` int(11) NOT NULL DEFAULT 0,
  `RedirectionType` enum('Internal','External') CHARACTER SET utf8mb4 COLLATE utf8mb4_unicode_ci DEFAULT 'Internal',
  `ExternalURL` varchar(2083) CHARACTER SET utf8mb4 COLLATE utf8mb4_unicode_ci DEFAULT NULL,
  `LinkToID` int(11) NOT NULL DEFAULT 0
) ENGINE=InnoDB DEFAULT CHARSET=utf8;

-- --------------------------------------------------------

--
-- Table structure for table `rememberloginhash`
--

CREATE TABLE `rememberloginhash` (
  `ID` int(11) NOT NULL,
  `ClassName` enum('SilverStripe\\Security\\RememberLoginHash') CHARACTER SET utf8mb4 COLLATE utf8mb4_unicode_ci DEFAULT 'SilverStripe\\Security\\RememberLoginHash',
  `LastEdited` datetime DEFAULT NULL,
  `Created` datetime DEFAULT NULL,
  `DeviceID` varchar(40) CHARACTER SET utf8mb4 COLLATE utf8mb4_unicode_ci DEFAULT NULL,
  `Hash` varchar(160) CHARACTER SET utf8mb4 COLLATE utf8mb4_unicode_ci DEFAULT NULL,
  `ExpiryDate` datetime DEFAULT NULL,
  `MemberID` int(11) NOT NULL DEFAULT 0
) ENGINE=InnoDB DEFAULT CHARSET=utf8;

-- --------------------------------------------------------

--
-- Table structure for table `siteconfig`
--

CREATE TABLE `siteconfig` (
  `ID` int(11) NOT NULL,
  `ClassName` enum('SilverStripe\\SiteConfig\\SiteConfig') CHARACTER SET utf8mb4 COLLATE utf8mb4_unicode_ci DEFAULT 'SilverStripe\\SiteConfig\\SiteConfig',
  `LastEdited` datetime DEFAULT NULL,
  `Created` datetime DEFAULT NULL,
  `Title` varchar(255) CHARACTER SET utf8mb4 COLLATE utf8mb4_unicode_ci DEFAULT NULL,
  `Tagline` varchar(255) CHARACTER SET utf8mb4 COLLATE utf8mb4_unicode_ci DEFAULT NULL,
  `CanViewType` enum('Anyone','LoggedInUsers','OnlyTheseUsers') CHARACTER SET utf8mb4 COLLATE utf8mb4_unicode_ci DEFAULT 'Anyone',
  `CanEditType` enum('LoggedInUsers','OnlyTheseUsers') CHARACTER SET utf8mb4 COLLATE utf8mb4_unicode_ci DEFAULT 'LoggedInUsers',
  `CanCreateTopLevelType` enum('LoggedInUsers','OnlyTheseUsers') CHARACTER SET utf8mb4 COLLATE utf8mb4_unicode_ci DEFAULT 'LoggedInUsers'
) ENGINE=InnoDB DEFAULT CHARSET=utf8;

--
-- Dumping data for table `siteconfig`
--

INSERT INTO `siteconfig` (`ID`, `ClassName`, `LastEdited`, `Created`, `Title`, `Tagline`, `CanViewType`, `CanEditType`, `CanCreateTopLevelType`) VALUES
(1, 'SilverStripe\\SiteConfig\\SiteConfig', '2021-06-30 09:21:12', '2021-06-28 09:41:11', 'TOAST', NULL, 'Anyone', 'LoggedInUsers', 'LoggedInUsers');

-- --------------------------------------------------------

--
-- Table structure for table `siteconfig_createtoplevelgroups`
--

CREATE TABLE `siteconfig_createtoplevelgroups` (
  `ID` int(11) NOT NULL,
  `SiteConfigID` int(11) NOT NULL DEFAULT 0,
  `GroupID` int(11) NOT NULL DEFAULT 0
) ENGINE=InnoDB DEFAULT CHARSET=utf8;

-- --------------------------------------------------------

--
-- Table structure for table `siteconfig_editorgroups`
--

CREATE TABLE `siteconfig_editorgroups` (
  `ID` int(11) NOT NULL,
  `SiteConfigID` int(11) NOT NULL DEFAULT 0,
  `GroupID` int(11) NOT NULL DEFAULT 0
) ENGINE=InnoDB DEFAULT CHARSET=utf8;

-- --------------------------------------------------------

--
-- Table structure for table `siteconfig_viewergroups`
--

CREATE TABLE `siteconfig_viewergroups` (
  `ID` int(11) NOT NULL,
  `SiteConfigID` int(11) NOT NULL DEFAULT 0,
  `GroupID` int(11) NOT NULL DEFAULT 0
) ENGINE=InnoDB DEFAULT CHARSET=utf8;

-- --------------------------------------------------------

--
-- Table structure for table `sitetree`
--

CREATE TABLE `sitetree` (
  `ID` int(11) NOT NULL,
  `ClassName` enum('SilverStripe\\CMS\\Model\\SiteTree','Page','SilverStripe\\ErrorPage\\ErrorPage','SilverStripe\\CMS\\Model\\RedirectorPage','SilverStripe\\CMS\\Model\\VirtualPage') CHARACTER SET utf8mb4 COLLATE utf8mb4_unicode_ci DEFAULT 'Page',
  `LastEdited` datetime DEFAULT NULL,
  `Created` datetime DEFAULT NULL,
  `CanViewType` enum('Anyone','LoggedInUsers','OnlyTheseUsers','Inherit') CHARACTER SET utf8mb4 COLLATE utf8mb4_unicode_ci DEFAULT 'Inherit',
  `CanEditType` enum('LoggedInUsers','OnlyTheseUsers','Inherit') CHARACTER SET utf8mb4 COLLATE utf8mb4_unicode_ci DEFAULT 'Inherit',
  `Version` int(11) NOT NULL DEFAULT 0,
  `URLSegment` varchar(255) CHARACTER SET utf8mb4 COLLATE utf8mb4_unicode_ci DEFAULT NULL,
  `Title` varchar(255) CHARACTER SET utf8mb4 COLLATE utf8mb4_unicode_ci DEFAULT NULL,
  `MenuTitle` varchar(100) CHARACTER SET utf8mb4 COLLATE utf8mb4_unicode_ci DEFAULT NULL,
  `Content` mediumtext CHARACTER SET utf8mb4 COLLATE utf8mb4_unicode_ci DEFAULT NULL,
  `MetaDescription` mediumtext CHARACTER SET utf8mb4 COLLATE utf8mb4_unicode_ci DEFAULT NULL,
  `ExtraMeta` mediumtext CHARACTER SET utf8mb4 COLLATE utf8mb4_unicode_ci DEFAULT NULL,
  `ShowInMenus` tinyint(1) UNSIGNED NOT NULL DEFAULT 0,
  `ShowInSearch` tinyint(1) UNSIGNED NOT NULL DEFAULT 0,
  `Sort` int(11) NOT NULL DEFAULT 0,
  `HasBrokenFile` tinyint(1) UNSIGNED NOT NULL DEFAULT 0,
  `HasBrokenLink` tinyint(1) UNSIGNED NOT NULL DEFAULT 0,
  `ReportClass` varchar(255) CHARACTER SET utf8mb4 COLLATE utf8mb4_unicode_ci DEFAULT NULL,
  `ParentID` int(11) NOT NULL DEFAULT 0
) ENGINE=InnoDB DEFAULT CHARSET=utf8;

--
-- Dumping data for table `sitetree`
--

INSERT INTO `sitetree` (`ID`, `ClassName`, `LastEdited`, `Created`, `CanViewType`, `CanEditType`, `Version`, `URLSegment`, `Title`, `MenuTitle`, `Content`, `MetaDescription`, `ExtraMeta`, `ShowInMenus`, `ShowInSearch`, `Sort`, `HasBrokenFile`, `HasBrokenLink`, `ReportClass`, `ParentID`) VALUES
(1, 'Page', '2021-06-30 14:21:29', '2021-06-28 09:41:13', 'Inherit', 'Inherit', 38, 'home', 'Home', NULL, '<table id=\"tblmain\">\n<tbody>\n<tr>\n<td>\n<h5 class=\"letterwhite\"><strong>It has landed</strong></h5>\n<h1 class=\"bgwhite\"><strong>what we have to </strong></h1>\n<h1 class=\"bgwhite\"><strong>offer in</strong></h1>\n<h1 class=\"bgorange\"><strong>Silverstripe 4</strong></h1>\n<p class=\"clickmore\">LEARN MORE</p>\n</td>\n<td>&nbsp;</td>\n</tr>\n<tr>\n<td>[image src=\"/jayspage/assets/look.png\" id=\"4\" width=\"600\" height=\"400\" class=\"leftAlone ss-htmleditorfield-file image\"]</td>\n<td>\n<h5 class=\"letterwhite\"><strong>Look &amp; feel</strong></h5>\n<h2 class=\"bgwhite\"><strong>customise you</strong></h2>\n<h2 class=\"bgorange\"><strong>website</strong></h2>\n<p class=\"letterwhite\">Aspis et eos ...</p>\n</td>\n</tr>\n<tr>\n<td>\n<h5 class=\"letterwhite\"><strong>Speed</strong></h5>\n<h2 class=\"bgwhite\"><strong>faster than</strong></h2>\n<h2 class=\"bgorange\"><strong>before</strong></h2>\n<p class=\"letterwhite\">Aspis et eos ...</p>\n</td>\n<td>[image src=\"/jayspage/assets/speed.png\" id=\"2\" width=\"600\" height=\"503\" class=\"leftAlone ss-htmleditorfield-file image\"]</td>\n</tr>\n<tr>\n<td>\n<h1 class=\"bgwhite\"><strong>get in touch to </strong></h1>\n<h1 class=\"bgorange\"><strong>upgrade</strong></h1>\n</td>\n<td>&nbsp;</td>\n</tr>\n</tbody>\n</table>', NULL, NULL, 1, 1, 1, 0, 0, NULL, 0),
(4, 'SilverStripe\\ErrorPage\\ErrorPage', '2021-06-28 09:41:15', '2021-06-28 09:41:15', 'Inherit', 'Inherit', 2, 'page-not-found', 'Page not found', NULL, '<p>Sorry, it seems you were trying to access a page that doesn\'t exist.</p><p>Please check the spelling of the URL you were trying to access and try again.</p>', NULL, NULL, 0, 0, 4, 0, 0, NULL, 0),
(5, 'SilverStripe\\ErrorPage\\ErrorPage', '2021-06-28 09:41:17', '2021-06-28 09:41:17', 'Inherit', 'Inherit', 2, 'server-error', 'Server error', NULL, '<p>Sorry, there was a problem with handling your request.</p>', NULL, NULL, 0, 0, 5, 0, 0, NULL, 0);

-- --------------------------------------------------------

--
-- Table structure for table `sitetreelink`
--

CREATE TABLE `sitetreelink` (
  `ID` int(11) NOT NULL,
  `ClassName` enum('SilverStripe\\CMS\\Model\\SiteTreeLink') CHARACTER SET utf8mb4 COLLATE utf8mb4_unicode_ci DEFAULT 'SilverStripe\\CMS\\Model\\SiteTreeLink',
  `LastEdited` datetime DEFAULT NULL,
  `Created` datetime DEFAULT NULL,
  `LinkedID` int(11) NOT NULL DEFAULT 0,
  `ParentID` int(11) NOT NULL DEFAULT 0,
  `ParentClass` enum('UserData','SilverStripe\\Assets\\File','SilverStripe\\SiteConfig\\SiteConfig','SilverStripe\\Versioned\\ChangeSet','SilverStripe\\Versioned\\ChangeSetItem','SilverStripe\\Assets\\Shortcodes\\FileLink','SilverStripe\\CMS\\Model\\SiteTree','SilverStripe\\CMS\\Model\\SiteTreeLink','SilverStripe\\Security\\Group','SilverStripe\\Security\\LoginAttempt','SilverStripe\\Security\\Member','SilverStripe\\Security\\MemberPassword','SilverStripe\\Security\\Permission','SilverStripe\\Security\\PermissionRole','SilverStripe\\Security\\PermissionRoleCode','SilverStripe\\Security\\RememberLoginHash','SilverStripe\\Assets\\Folder','SilverStripe\\Assets\\Image','Page','SilverStripe\\ErrorPage\\ErrorPage','SilverStripe\\CMS\\Model\\RedirectorPage','SilverStripe\\CMS\\Model\\VirtualPage') CHARACTER SET utf8mb4 COLLATE utf8mb4_unicode_ci DEFAULT 'UserData'
) ENGINE=InnoDB DEFAULT CHARSET=utf8;

-- --------------------------------------------------------

--
-- Table structure for table `sitetree_editorgroups`
--

CREATE TABLE `sitetree_editorgroups` (
  `ID` int(11) NOT NULL,
  `SiteTreeID` int(11) NOT NULL DEFAULT 0,
  `GroupID` int(11) NOT NULL DEFAULT 0
) ENGINE=InnoDB DEFAULT CHARSET=utf8;

-- --------------------------------------------------------

--
-- Table structure for table `sitetree_live`
--

CREATE TABLE `sitetree_live` (
  `ID` int(11) NOT NULL,
  `ClassName` enum('SilverStripe\\CMS\\Model\\SiteTree','Page','SilverStripe\\ErrorPage\\ErrorPage','SilverStripe\\CMS\\Model\\RedirectorPage','SilverStripe\\CMS\\Model\\VirtualPage') CHARACTER SET utf8mb4 COLLATE utf8mb4_unicode_ci DEFAULT 'Page',
  `LastEdited` datetime DEFAULT NULL,
  `Created` datetime DEFAULT NULL,
  `CanViewType` enum('Anyone','LoggedInUsers','OnlyTheseUsers','Inherit') CHARACTER SET utf8mb4 COLLATE utf8mb4_unicode_ci DEFAULT 'Inherit',
  `CanEditType` enum('LoggedInUsers','OnlyTheseUsers','Inherit') CHARACTER SET utf8mb4 COLLATE utf8mb4_unicode_ci DEFAULT 'Inherit',
  `Version` int(11) NOT NULL DEFAULT 0,
  `URLSegment` varchar(255) CHARACTER SET utf8mb4 COLLATE utf8mb4_unicode_ci DEFAULT NULL,
  `Title` varchar(255) CHARACTER SET utf8mb4 COLLATE utf8mb4_unicode_ci DEFAULT NULL,
  `MenuTitle` varchar(100) CHARACTER SET utf8mb4 COLLATE utf8mb4_unicode_ci DEFAULT NULL,
  `Content` mediumtext CHARACTER SET utf8mb4 COLLATE utf8mb4_unicode_ci DEFAULT NULL,
  `MetaDescription` mediumtext CHARACTER SET utf8mb4 COLLATE utf8mb4_unicode_ci DEFAULT NULL,
  `ExtraMeta` mediumtext CHARACTER SET utf8mb4 COLLATE utf8mb4_unicode_ci DEFAULT NULL,
  `ShowInMenus` tinyint(1) UNSIGNED NOT NULL DEFAULT 0,
  `ShowInSearch` tinyint(1) UNSIGNED NOT NULL DEFAULT 0,
  `Sort` int(11) NOT NULL DEFAULT 0,
  `HasBrokenFile` tinyint(1) UNSIGNED NOT NULL DEFAULT 0,
  `HasBrokenLink` tinyint(1) UNSIGNED NOT NULL DEFAULT 0,
  `ReportClass` varchar(255) CHARACTER SET utf8mb4 COLLATE utf8mb4_unicode_ci DEFAULT NULL,
  `ParentID` int(11) NOT NULL DEFAULT 0
) ENGINE=InnoDB DEFAULT CHARSET=utf8;

--
-- Dumping data for table `sitetree_live`
--

INSERT INTO `sitetree_live` (`ID`, `ClassName`, `LastEdited`, `Created`, `CanViewType`, `CanEditType`, `Version`, `URLSegment`, `Title`, `MenuTitle`, `Content`, `MetaDescription`, `ExtraMeta`, `ShowInMenus`, `ShowInSearch`, `Sort`, `HasBrokenFile`, `HasBrokenLink`, `ReportClass`, `ParentID`) VALUES
(1, 'Page', '2021-06-30 14:21:29', '2021-06-28 09:41:13', 'Inherit', 'Inherit', 38, 'home', 'Home', NULL, '<table id=\"tblmain\">\n<tbody>\n<tr>\n<td>\n<h5 class=\"letterwhite\"><strong>It has landed</strong></h5>\n<h1 class=\"bgwhite\"><strong>what we have to </strong></h1>\n<h1 class=\"bgwhite\"><strong>offer in</strong></h1>\n<h1 class=\"bgorange\"><strong>Silverstripe 4</strong></h1>\n<p class=\"clickmore\">LEARN MORE</p>\n</td>\n<td>&nbsp;</td>\n</tr>\n<tr>\n<td>[image src=\"/jayspage/assets/look.png\" id=\"4\" width=\"600\" height=\"400\" class=\"leftAlone ss-htmleditorfield-file image\"]</td>\n<td>\n<h5 class=\"letterwhite\"><strong>Look &amp; feel</strong></h5>\n<h2 class=\"bgwhite\"><strong>customise you</strong></h2>\n<h2 class=\"bgorange\"><strong>website</strong></h2>\n<p class=\"letterwhite\">Aspis et eos ...</p>\n</td>\n</tr>\n<tr>\n<td>\n<h5 class=\"letterwhite\"><strong>Speed</strong></h5>\n<h2 class=\"bgwhite\"><strong>faster than</strong></h2>\n<h2 class=\"bgorange\"><strong>before</strong></h2>\n<p class=\"letterwhite\">Aspis et eos ...</p>\n</td>\n<td>[image src=\"/jayspage/assets/speed.png\" id=\"2\" width=\"600\" height=\"503\" class=\"leftAlone ss-htmleditorfield-file image\"]</td>\n</tr>\n<tr>\n<td>\n<h1 class=\"bgwhite\"><strong>get in touch to </strong></h1>\n<h1 class=\"bgorange\"><strong>upgrade</strong></h1>\n</td>\n<td>&nbsp;</td>\n</tr>\n</tbody>\n</table>', NULL, NULL, 1, 1, 1, 0, 0, NULL, 0),
(4, 'SilverStripe\\ErrorPage\\ErrorPage', '2021-06-28 09:41:15', '2021-06-28 09:41:15', 'Inherit', 'Inherit', 2, 'page-not-found', 'Page not found', NULL, '<p>Sorry, it seems you were trying to access a page that doesn\'t exist.</p><p>Please check the spelling of the URL you were trying to access and try again.</p>', NULL, NULL, 0, 0, 4, 0, 0, NULL, 0),
(5, 'SilverStripe\\ErrorPage\\ErrorPage', '2021-06-28 09:41:17', '2021-06-28 09:41:17', 'Inherit', 'Inherit', 2, 'server-error', 'Server error', NULL, '<p>Sorry, there was a problem with handling your request.</p>', NULL, NULL, 0, 0, 5, 0, 0, NULL, 0);

-- --------------------------------------------------------

--
-- Table structure for table `sitetree_versions`
--

CREATE TABLE `sitetree_versions` (
  `ID` int(11) NOT NULL,
  `RecordID` int(11) NOT NULL DEFAULT 0,
  `Version` int(11) NOT NULL DEFAULT 0,
  `WasPublished` tinyint(1) UNSIGNED NOT NULL DEFAULT 0,
  `WasDeleted` tinyint(1) UNSIGNED NOT NULL DEFAULT 0,
  `WasDraft` tinyint(1) UNSIGNED NOT NULL DEFAULT 1,
  `AuthorID` int(11) NOT NULL DEFAULT 0,
  `PublisherID` int(11) NOT NULL DEFAULT 0,
  `ClassName` enum('SilverStripe\\CMS\\Model\\SiteTree','Page','SilverStripe\\ErrorPage\\ErrorPage','SilverStripe\\CMS\\Model\\RedirectorPage','SilverStripe\\CMS\\Model\\VirtualPage') CHARACTER SET utf8mb4 COLLATE utf8mb4_unicode_ci DEFAULT 'Page',
  `LastEdited` datetime DEFAULT NULL,
  `Created` datetime DEFAULT NULL,
  `CanViewType` enum('Anyone','LoggedInUsers','OnlyTheseUsers','Inherit') CHARACTER SET utf8mb4 COLLATE utf8mb4_unicode_ci DEFAULT 'Inherit',
  `CanEditType` enum('LoggedInUsers','OnlyTheseUsers','Inherit') CHARACTER SET utf8mb4 COLLATE utf8mb4_unicode_ci DEFAULT 'Inherit',
  `URLSegment` varchar(255) CHARACTER SET utf8mb4 COLLATE utf8mb4_unicode_ci DEFAULT NULL,
  `Title` varchar(255) CHARACTER SET utf8mb4 COLLATE utf8mb4_unicode_ci DEFAULT NULL,
  `MenuTitle` varchar(100) CHARACTER SET utf8mb4 COLLATE utf8mb4_unicode_ci DEFAULT NULL,
  `Content` mediumtext CHARACTER SET utf8mb4 COLLATE utf8mb4_unicode_ci DEFAULT NULL,
  `MetaDescription` mediumtext CHARACTER SET utf8mb4 COLLATE utf8mb4_unicode_ci DEFAULT NULL,
  `ExtraMeta` mediumtext CHARACTER SET utf8mb4 COLLATE utf8mb4_unicode_ci DEFAULT NULL,
  `ShowInMenus` tinyint(1) UNSIGNED NOT NULL DEFAULT 0,
  `ShowInSearch` tinyint(1) UNSIGNED NOT NULL DEFAULT 0,
  `Sort` int(11) NOT NULL DEFAULT 0,
  `HasBrokenFile` tinyint(1) UNSIGNED NOT NULL DEFAULT 0,
  `HasBrokenLink` tinyint(1) UNSIGNED NOT NULL DEFAULT 0,
  `ReportClass` varchar(255) CHARACTER SET utf8mb4 COLLATE utf8mb4_unicode_ci DEFAULT NULL,
  `ParentID` int(11) NOT NULL DEFAULT 0
) ENGINE=InnoDB DEFAULT CHARSET=utf8;

--
-- Dumping data for table `sitetree_versions`
--

INSERT INTO `sitetree_versions` (`ID`, `RecordID`, `Version`, `WasPublished`, `WasDeleted`, `WasDraft`, `AuthorID`, `PublisherID`, `ClassName`, `LastEdited`, `Created`, `CanViewType`, `CanEditType`, `URLSegment`, `Title`, `MenuTitle`, `Content`, `MetaDescription`, `ExtraMeta`, `ShowInMenus`, `ShowInSearch`, `Sort`, `HasBrokenFile`, `HasBrokenLink`, `ReportClass`, `ParentID`) VALUES
(1, 1, 1, 0, 0, 1, 0, 0, 'Page', '2021-06-28 09:41:13', '2021-06-28 09:41:13', 'Inherit', 'Inherit', 'home', 'Home', NULL, '<p>Welcome to SilverStripe! This is the default homepage. You can edit this page by opening <a href=\"admin/\">the CMS</a>.</p><p>You can now access the <a href=\"http://docs.silverstripe.org\">developer documentation</a>, or begin the <a href=\"http://www.silverstripe.org/learn/lessons\">SilverStripe lessons</a>.</p>', NULL, NULL, 1, 1, 1, 0, 0, NULL, 0),
(2, 1, 2, 1, 0, 1, 0, 0, 'Page', '2021-06-28 09:41:14', '2021-06-28 09:41:13', 'Inherit', 'Inherit', 'home', 'Home', NULL, '<p>Welcome to SilverStripe! This is the default homepage. You can edit this page by opening <a href=\"admin/\">the CMS</a>.</p><p>You can now access the <a href=\"http://docs.silverstripe.org\">developer documentation</a>, or begin the <a href=\"http://www.silverstripe.org/learn/lessons\">SilverStripe lessons</a>.</p>', NULL, NULL, 1, 1, 1, 0, 0, NULL, 0),
(3, 2, 1, 0, 0, 1, 0, 0, 'Page', '2021-06-28 09:41:14', '2021-06-28 09:41:14', 'Inherit', 'Inherit', 'about-us', 'About Us', NULL, '<p>You can fill this page out with your own content, or delete it and create your own pages.</p>', NULL, NULL, 1, 1, 2, 0, 0, NULL, 0),
(4, 2, 2, 1, 0, 1, 0, 0, 'Page', '2021-06-28 09:41:14', '2021-06-28 09:41:14', 'Inherit', 'Inherit', 'about-us', 'About Us', NULL, '<p>You can fill this page out with your own content, or delete it and create your own pages.</p>', NULL, NULL, 1, 1, 2, 0, 0, NULL, 0),
(5, 3, 1, 0, 0, 1, 0, 0, 'Page', '2021-06-28 09:41:14', '2021-06-28 09:41:14', 'Inherit', 'Inherit', 'contact-us', 'Contact Us', NULL, '<p>You can fill this page out with your own content, or delete it and create your own pages.</p>', NULL, NULL, 1, 1, 3, 0, 0, NULL, 0),
(6, 3, 2, 1, 0, 1, 0, 0, 'Page', '2021-06-28 09:41:14', '2021-06-28 09:41:14', 'Inherit', 'Inherit', 'contact-us', 'Contact Us', NULL, '<p>You can fill this page out with your own content, or delete it and create your own pages.</p>', NULL, NULL, 1, 1, 3, 0, 0, NULL, 0),
(7, 4, 1, 0, 0, 1, 0, 0, 'SilverStripe\\ErrorPage\\ErrorPage', '2021-06-28 09:41:15', '2021-06-28 09:41:15', 'Inherit', 'Inherit', 'page-not-found', 'Page not found', NULL, '<p>Sorry, it seems you were trying to access a page that doesn\'t exist.</p><p>Please check the spelling of the URL you were trying to access and try again.</p>', NULL, NULL, 0, 0, 4, 0, 0, NULL, 0),
(8, 4, 2, 1, 0, 1, 0, 0, 'SilverStripe\\ErrorPage\\ErrorPage', '2021-06-28 09:41:15', '2021-06-28 09:41:15', 'Inherit', 'Inherit', 'page-not-found', 'Page not found', NULL, '<p>Sorry, it seems you were trying to access a page that doesn\'t exist.</p><p>Please check the spelling of the URL you were trying to access and try again.</p>', NULL, NULL, 0, 0, 4, 0, 0, NULL, 0),
(9, 5, 1, 0, 0, 1, 0, 0, 'SilverStripe\\ErrorPage\\ErrorPage', '2021-06-28 09:41:17', '2021-06-28 09:41:17', 'Inherit', 'Inherit', 'server-error', 'Server error', NULL, '<p>Sorry, there was a problem with handling your request.</p>', NULL, NULL, 0, 0, 5, 0, 0, NULL, 0),
(10, 5, 2, 1, 0, 1, 0, 0, 'SilverStripe\\ErrorPage\\ErrorPage', '2021-06-28 09:41:17', '2021-06-28 09:41:17', 'Inherit', 'Inherit', 'server-error', 'Server error', NULL, '<p>Sorry, there was a problem with handling your request.</p>', NULL, NULL, 0, 0, 5, 0, 0, NULL, 0),
(11, 2, 3, 1, 1, 1, 1, 1, 'Page', '2021-06-28 10:01:30', '2021-06-28 09:41:14', 'Inherit', 'Inherit', 'about-us', 'About Us', NULL, '<p>You can fill this page out with your own content, or delete it and create your own pages.</p>', NULL, NULL, 1, 1, 2, 0, 0, NULL, 0),
(12, 3, 3, 1, 1, 1, 1, 1, 'Page', '2021-06-28 10:01:30', '2021-06-28 09:41:14', 'Inherit', 'Inherit', 'contact-us', 'Contact Us', NULL, '<p>You can fill this page out with your own content, or delete it and create your own pages.</p>', NULL, NULL, 1, 1, 3, 0, 0, NULL, 0),
(13, 1, 3, 0, 0, 1, 1, 0, 'SilverStripe\\CMS\\Model\\VirtualPage', '2021-06-28 11:56:44', '2021-06-28 09:41:13', 'Inherit', 'Inherit', 'home', 'Home', NULL, NULL, NULL, NULL, 1, 1, 1, 0, 1, NULL, 0),
(14, 1, 4, 0, 0, 1, 1, 0, 'Page', '2021-06-28 11:57:43', '2021-06-28 09:41:13', 'Inherit', 'Inherit', 'home', 'Home', NULL, NULL, NULL, NULL, 1, 1, 1, 0, 0, NULL, 0),
(15, 1, 5, 1, 0, 1, 1, 1, 'Page', '2021-06-28 11:57:47', '2021-06-28 09:41:13', 'Inherit', 'Inherit', 'home', 'Home', NULL, NULL, NULL, NULL, 1, 1, 1, 0, 0, NULL, 0),
(16, 1, 6, 0, 0, 1, 1, 0, 'Page', '2021-06-30 10:56:41', '2021-06-28 09:41:13', 'Inherit', 'Inherit', 'home', 'Home', NULL, '<table>\n<tbody>\n<tr>\n<td>\n<div class=\"captionImage leftAlone\" style=\"width: 185px;\">[image src=\"/jayspage/assets/74b08c24e8/logo.png\" id=\"3\" width=\"185\" height=\"59\" class=\"leftAlone ss-htmleditorfield-file image\" title=\"TOAST\" alt=\"TOAST\"]\n<p class=\"caption leftAlone\">TOAST</p>\n</div>\n</td>\n<td>&nbsp;</td>\n</tr>\n<tr>\n<td>&nbsp;</td>\n<td>&nbsp;</td>\n</tr>\n<tr>\n<td>[image src=\"/jayspage/assets/8f44e45d49/look.png\" id=\"4\" width=\"600\" height=\"400\" class=\"leftAlone ss-htmleditorfield-file image\"]</td>\n<td>&nbsp;</td>\n</tr>\n<tr>\n<td>&nbsp;</td>\n<td>[image src=\"/jayspage/assets/332b73274a/speed.png\" id=\"2\" width=\"600\" height=\"503\" class=\"leftAlone ss-htmleditorfield-file image\"]</td>\n</tr>\n<tr>\n<td>&nbsp;</td>\n<td>&nbsp;</td>\n</tr>\n</tbody>\n</table>', NULL, NULL, 1, 1, 1, 0, 0, NULL, 0),
(17, 1, 7, 1, 0, 1, 1, 1, 'Page', '2021-06-30 10:56:55', '2021-06-28 09:41:13', 'Inherit', 'Inherit', 'home', 'Home', NULL, '<table>\n<tbody>\n<tr>\n<td>\n<div class=\"captionImage leftAlone\" style=\"width: 185px;\">[image src=\"/jayspage/assets/74b08c24e8/logo.png\" id=\"3\" width=\"185\" height=\"59\" class=\"leftAlone ss-htmleditorfield-file image\" title=\"TOAST\" alt=\"TOAST\"]\n<p class=\"caption leftAlone\">TOAST</p>\n</div>\n</td>\n<td>&nbsp;</td>\n</tr>\n<tr>\n<td>&nbsp;</td>\n<td>&nbsp;</td>\n</tr>\n<tr>\n<td>[image src=\"/jayspage/assets/8f44e45d49/look.png\" id=\"4\" width=\"600\" height=\"400\" class=\"leftAlone ss-htmleditorfield-file image\"]</td>\n<td>&nbsp;</td>\n</tr>\n<tr>\n<td>&nbsp;</td>\n<td>[image src=\"/jayspage/assets/332b73274a/speed.png\" id=\"2\" width=\"600\" height=\"503\" class=\"leftAlone ss-htmleditorfield-file image\"]</td>\n</tr>\n<tr>\n<td>&nbsp;</td>\n<td>&nbsp;</td>\n</tr>\n</tbody>\n</table>', NULL, NULL, 1, 1, 1, 0, 0, NULL, 0),
(18, 1, 8, 0, 0, 1, 1, 0, 'Page', '2021-06-30 11:08:13', '2021-06-28 09:41:13', 'Inherit', 'Inherit', 'home', 'Home', NULL, '<table>\n<tbody>\n<tr>\n<td>\n<div class=\"captionImage leftAlone\" style=\"width: 185px;\">[image src=\"/jayspage/assets/logo.png\" id=\"3\" width=\"185\" height=\"59\" class=\"leftAlone ss-htmleditorfield-file image\" title=\"TOAST\" alt=\"TOAST\"]\n<p class=\"caption leftAlone\">&nbsp;</p>\n</div>\n</td>\n<td>&nbsp;</td>\n</tr>\n<tr>\n<td>&nbsp;</td>\n<td>&nbsp;</td>\n</tr>\n<tr>\n<td>[image src=\"/jayspage/assets/look.png\" id=\"4\" width=\"600\" height=\"400\" class=\"leftAlone ss-htmleditorfield-file image\"]</td>\n<td>&nbsp;</td>\n</tr>\n<tr>\n<td>&nbsp;</td>\n<td>[image src=\"/jayspage/assets/speed.png\" id=\"2\" width=\"600\" height=\"503\" class=\"leftAlone ss-htmleditorfield-file image\"]</td>\n</tr>\n<tr>\n<td>&nbsp;</td>\n<td>&nbsp;</td>\n</tr>\n</tbody>\n</table>', NULL, NULL, 1, 1, 1, 0, 0, NULL, 0),
(19, 1, 9, 1, 0, 1, 1, 1, 'Page', '2021-06-30 11:09:52', '2021-06-28 09:41:13', 'Inherit', 'Inherit', 'home', 'Home', NULL, '<table>\n<tbody>\n<tr>\n<td>\n<div class=\"captionImage leftAlone\" style=\"width: 185px;\">[image src=\"/jayspage/assets/logo.png\" id=\"3\" width=\"185\" height=\"59\" class=\"leftAlone ss-htmleditorfield-file image\" title=\"TOAST\" alt=\"TOAST\"]\n<p class=\"caption leftAlone\">&nbsp;</p>\n</div>\n</td>\n<td>&nbsp;</td>\n</tr>\n<tr>\n<td>&nbsp;</td>\n<td>&nbsp;</td>\n</tr>\n<tr>\n<td>[image src=\"/jayspage/assets/look.png\" id=\"4\" width=\"600\" height=\"400\" class=\"leftAlone ss-htmleditorfield-file image\"]</td>\n<td>&nbsp;</td>\n</tr>\n<tr>\n<td>&nbsp;</td>\n<td>[image src=\"/jayspage/assets/speed.png\" id=\"2\" width=\"600\" height=\"503\" class=\"leftAlone ss-htmleditorfield-file image\"]</td>\n</tr>\n<tr>\n<td>&nbsp;</td>\n<td>&nbsp;</td>\n</tr>\n</tbody>\n</table>', NULL, NULL, 1, 1, 1, 0, 0, NULL, 0),
(20, 1, 10, 0, 0, 1, 1, 0, 'Page', '2021-06-30 11:15:50', '2021-06-28 09:41:13', 'Inherit', 'Inherit', 'home', 'Home', NULL, '<table>\n<tbody>\n<tr>\n<td>&nbsp;</td>\n<td>&nbsp;</td>\n</tr>\n<tr>\n<td>[image src=\"/jayspage/assets/look.png\" id=\"4\" width=\"600\" height=\"400\" class=\"leftAlone ss-htmleditorfield-file image\"]</td>\n<td>&nbsp;</td>\n</tr>\n<tr>\n<td>&nbsp;</td>\n<td>[image src=\"/jayspage/assets/speed.png\" id=\"2\" width=\"600\" height=\"503\" class=\"leftAlone ss-htmleditorfield-file image\"]</td>\n</tr>\n<tr>\n<td>&nbsp;</td>\n<td>&nbsp;</td>\n</tr>\n</tbody>\n</table>', NULL, NULL, 1, 1, 1, 0, 0, NULL, 0),
(21, 1, 11, 1, 0, 1, 1, 1, 'Page', '2021-06-30 11:15:53', '2021-06-28 09:41:13', 'Inherit', 'Inherit', 'home', 'Home', NULL, '<table>\n<tbody>\n<tr>\n<td>&nbsp;</td>\n<td>&nbsp;</td>\n</tr>\n<tr>\n<td>[image src=\"/jayspage/assets/look.png\" id=\"4\" width=\"600\" height=\"400\" class=\"leftAlone ss-htmleditorfield-file image\"]</td>\n<td>&nbsp;</td>\n</tr>\n<tr>\n<td>&nbsp;</td>\n<td>[image src=\"/jayspage/assets/speed.png\" id=\"2\" width=\"600\" height=\"503\" class=\"leftAlone ss-htmleditorfield-file image\"]</td>\n</tr>\n<tr>\n<td>&nbsp;</td>\n<td>&nbsp;</td>\n</tr>\n</tbody>\n</table>', NULL, NULL, 1, 1, 1, 0, 0, NULL, 0),
(22, 1, 12, 0, 0, 1, 1, 0, 'Page', '2021-06-30 11:33:29', '2021-06-28 09:41:13', 'Inherit', 'Inherit', 'home', 'Home', NULL, '<table>\n<tbody>\n<tr>\n<td>&nbsp;</td>\n<td>&nbsp;</td>\n</tr>\n<tr>\n<td>[image src=\"/jayspage/assets/look.png\" id=\"4\" width=\"600\" height=\"400\" class=\"leftAlone ss-htmleditorfield-file image\"]</td>\n<td>&nbsp;</td>\n</tr>\n<tr>\n<td>&nbsp;</td>\n<td>[image src=\"/jayspage/assets/speed.png\" id=\"2\" width=\"600\" height=\"503\" class=\"leftAlone ss-htmleditorfield-file image\"]</td>\n</tr>\n<tr>\n<td>&nbsp;[image src=\"/jayspage/assets/74e0bfb40a/logo_footer.png\" id=\"5\" width=\"49\" height=\"55\" class=\"leftAlone ss-htmleditorfield-file image\"]</td>\n<td>&nbsp;</td>\n</tr>\n</tbody>\n</table>', NULL, NULL, 1, 1, 1, 0, 0, NULL, 0),
(23, 1, 13, 1, 0, 1, 1, 1, 'Page', '2021-06-30 11:33:43', '2021-06-28 09:41:13', 'Inherit', 'Inherit', 'home', 'Home', NULL, '<table>\n<tbody>\n<tr>\n<td>&nbsp;</td>\n<td>&nbsp;</td>\n</tr>\n<tr>\n<td>[image src=\"/jayspage/assets/look.png\" id=\"4\" width=\"600\" height=\"400\" class=\"leftAlone ss-htmleditorfield-file image\"]</td>\n<td>&nbsp;</td>\n</tr>\n<tr>\n<td>&nbsp;</td>\n<td>[image src=\"/jayspage/assets/speed.png\" id=\"2\" width=\"600\" height=\"503\" class=\"leftAlone ss-htmleditorfield-file image\"]</td>\n</tr>\n<tr>\n<td>&nbsp;[image src=\"/jayspage/assets/74e0bfb40a/logo_footer.png\" id=\"5\" width=\"49\" height=\"55\" class=\"leftAlone ss-htmleditorfield-file image\"]</td>\n<td>&nbsp;</td>\n</tr>\n</tbody>\n</table>', NULL, NULL, 1, 1, 1, 0, 0, NULL, 0),
(24, 1, 14, 0, 0, 1, 1, 0, 'Page', '2021-06-30 11:34:56', '2021-06-28 09:41:13', 'Inherit', 'Inherit', 'home', 'Home', NULL, '<table>\n<tbody>\n<tr>\n<td>&nbsp;</td>\n<td>&nbsp;</td>\n</tr>\n<tr>\n<td>[image src=\"/jayspage/assets/look.png\" id=\"4\" width=\"600\" height=\"400\" class=\"leftAlone ss-htmleditorfield-file image\"]</td>\n<td>&nbsp;</td>\n</tr>\n<tr>\n<td>&nbsp;</td>\n<td>[image src=\"/jayspage/assets/speed.png\" id=\"2\" width=\"600\" height=\"503\" class=\"leftAlone ss-htmleditorfield-file image\"]</td>\n</tr>\n<tr>\n<td>&nbsp;</td>\n<td>&nbsp;</td>\n</tr>\n</tbody>\n</table>', NULL, NULL, 1, 1, 1, 0, 0, NULL, 0),
(25, 1, 15, 1, 0, 1, 1, 1, 'Page', '2021-06-30 11:34:59', '2021-06-28 09:41:13', 'Inherit', 'Inherit', 'home', 'Home', NULL, '<table>\n<tbody>\n<tr>\n<td>&nbsp;</td>\n<td>&nbsp;</td>\n</tr>\n<tr>\n<td>[image src=\"/jayspage/assets/look.png\" id=\"4\" width=\"600\" height=\"400\" class=\"leftAlone ss-htmleditorfield-file image\"]</td>\n<td>&nbsp;</td>\n</tr>\n<tr>\n<td>&nbsp;</td>\n<td>[image src=\"/jayspage/assets/speed.png\" id=\"2\" width=\"600\" height=\"503\" class=\"leftAlone ss-htmleditorfield-file image\"]</td>\n</tr>\n<tr>\n<td>&nbsp;</td>\n<td>&nbsp;</td>\n</tr>\n</tbody>\n</table>', NULL, NULL, 1, 1, 1, 0, 0, NULL, 0),
(26, 1, 16, 0, 0, 1, 1, 0, 'Page', '2021-06-30 13:33:54', '2021-06-28 09:41:13', 'Inherit', 'Inherit', 'home', 'Home', NULL, '<table>\n<tbody>\n<tr>\n<td>\n<p><strong>It has landed</strong></p>\n<h1><strong>what we have to </strong></h1>\n<h1><strong>offer in</strong></h1>\n<h1 class=\"bgorange\"><strong>Silverstripe 4</strong></h1>\n<p>LEARN MORE</p>\n</td>\n<td>&nbsp;</td>\n</tr>\n<tr>\n<td>[image src=\"/jayspage/assets/look.png\" id=\"4\" width=\"600\" height=\"400\" class=\"leftAlone ss-htmleditorfield-file image\"]</td>\n<td>&nbsp;</td>\n</tr>\n<tr>\n<td>&nbsp;</td>\n<td>[image src=\"/jayspage/assets/speed.png\" id=\"2\" width=\"600\" height=\"503\" class=\"leftAlone ss-htmleditorfield-file image\"]</td>\n</tr>\n<tr>\n<td>&nbsp;</td>\n<td>&nbsp;</td>\n</tr>\n</tbody>\n</table>', NULL, NULL, 1, 1, 1, 0, 0, NULL, 0),
(27, 1, 17, 1, 0, 1, 1, 1, 'Page', '2021-06-30 13:33:57', '2021-06-28 09:41:13', 'Inherit', 'Inherit', 'home', 'Home', NULL, '<table>\n<tbody>\n<tr>\n<td>\n<p><strong>It has landed</strong></p>\n<h1><strong>what we have to </strong></h1>\n<h1><strong>offer in</strong></h1>\n<h1 class=\"bgorange\"><strong>Silverstripe 4</strong></h1>\n<p>LEARN MORE</p>\n</td>\n<td>&nbsp;</td>\n</tr>\n<tr>\n<td>[image src=\"/jayspage/assets/look.png\" id=\"4\" width=\"600\" height=\"400\" class=\"leftAlone ss-htmleditorfield-file image\"]</td>\n<td>&nbsp;</td>\n</tr>\n<tr>\n<td>&nbsp;</td>\n<td>[image src=\"/jayspage/assets/speed.png\" id=\"2\" width=\"600\" height=\"503\" class=\"leftAlone ss-htmleditorfield-file image\"]</td>\n</tr>\n<tr>\n<td>&nbsp;</td>\n<td>&nbsp;</td>\n</tr>\n</tbody>\n</table>', NULL, NULL, 1, 1, 1, 0, 0, NULL, 0),
(28, 1, 18, 0, 0, 1, 1, 0, 'Page', '2021-06-30 13:37:14', '2021-06-28 09:41:13', 'Inherit', 'Inherit', 'home', 'Home', NULL, '<table>\n<tbody>\n<tr>\n<td>\n<p><strong>It has landed</strong></p>\n<h1><strong>what we have to </strong></h1>\n<h1><strong>offer in</strong></h1>\n<h1 class=\"bgorange\"><strong>Silverstripe 4</strong></h1>\nLEARN MORE</td>\n<td>&nbsp;</td>\n</tr>\n<tr>\n<td>[image src=\"/jayspage/assets/look.png\" id=\"4\" width=\"600\" height=\"400\" class=\"leftAlone ss-htmleditorfield-file image\"]</td>\n<td>&nbsp;</td>\n</tr>\n<tr>\n<td>&nbsp;</td>\n<td>[image src=\"/jayspage/assets/speed.png\" id=\"2\" width=\"600\" height=\"503\" class=\"leftAlone ss-htmleditorfield-file image\"]</td>\n</tr>\n<tr>\n<td>&nbsp;</td>\n<td>&nbsp;</td>\n</tr>\n</tbody>\n</table>', NULL, NULL, 1, 1, 1, 0, 0, NULL, 0),
(29, 1, 19, 0, 0, 1, 1, 0, 'Page', '2021-06-30 13:38:33', '2021-06-28 09:41:13', 'Inherit', 'Inherit', 'home', 'Home', NULL, '<table>\n<tbody>\n<tr>\n<td>\n<p><strong>It has landed</strong></p>\n<h1><strong>what we have to </strong></h1>\n<h1><strong>offer in</strong></h1>\n<h1 class=\"bgorange\"><strong>Silverstripe 4</strong></h1>\n<p class=\"clickmore\">LEARN MORE</p>\n<p>&nbsp;</p>\n</td>\n<td>&nbsp;</td>\n</tr>\n<tr>\n<td>[image src=\"/jayspage/assets/look.png\" id=\"4\" width=\"600\" height=\"400\" class=\"leftAlone ss-htmleditorfield-file image\"]</td>\n<td>&nbsp;</td>\n</tr>\n<tr>\n<td>&nbsp;</td>\n<td>[image src=\"/jayspage/assets/speed.png\" id=\"2\" width=\"600\" height=\"503\" class=\"leftAlone ss-htmleditorfield-file image\"]</td>\n</tr>\n<tr>\n<td>&nbsp;</td>\n<td>&nbsp;</td>\n</tr>\n</tbody>\n</table>', NULL, NULL, 1, 1, 1, 0, 0, NULL, 0),
(30, 1, 20, 1, 0, 1, 1, 1, 'Page', '2021-06-30 13:38:37', '2021-06-28 09:41:13', 'Inherit', 'Inherit', 'home', 'Home', NULL, '<table>\n<tbody>\n<tr>\n<td>\n<p><strong>It has landed</strong></p>\n<h1><strong>what we have to </strong></h1>\n<h1><strong>offer in</strong></h1>\n<h1 class=\"bgorange\"><strong>Silverstripe 4</strong></h1>\n<p class=\"clickmore\">LEARN MORE</p>\n<p>&nbsp;</p>\n</td>\n<td>&nbsp;</td>\n</tr>\n<tr>\n<td>[image src=\"/jayspage/assets/look.png\" id=\"4\" width=\"600\" height=\"400\" class=\"leftAlone ss-htmleditorfield-file image\"]</td>\n<td>&nbsp;</td>\n</tr>\n<tr>\n<td>&nbsp;</td>\n<td>[image src=\"/jayspage/assets/speed.png\" id=\"2\" width=\"600\" height=\"503\" class=\"leftAlone ss-htmleditorfield-file image\"]</td>\n</tr>\n<tr>\n<td>&nbsp;</td>\n<td>&nbsp;</td>\n</tr>\n</tbody>\n</table>', NULL, NULL, 1, 1, 1, 0, 0, NULL, 0),
(31, 1, 21, 0, 0, 1, 1, 0, 'Page', '2021-06-30 13:45:49', '2021-06-28 09:41:13', 'Inherit', 'Inherit', 'home', 'Home', NULL, '<table>\n<tbody>\n<tr>\n<td>\n<p><strong>It has landed</strong></p>\n<h1><strong>what we have to </strong></h1>\n<h1><strong>offer in</strong></h1>\n<p class=\"bgorange\"><strong>Silverstripe 4</strong></p>\n<p class=\"clickmore\">LEARN MORE</p>\n<p>&nbsp;</p>\n</td>\n<td>&nbsp;</td>\n</tr>\n<tr>\n<td>[image src=\"/jayspage/assets/look.png\" id=\"4\" width=\"600\" height=\"400\" class=\"leftAlone ss-htmleditorfield-file image\"]</td>\n<td>&nbsp;</td>\n</tr>\n<tr>\n<td>&nbsp;</td>\n<td>[image src=\"/jayspage/assets/speed.png\" id=\"2\" width=\"600\" height=\"503\" class=\"leftAlone ss-htmleditorfield-file image\"]</td>\n</tr>\n<tr>\n<td>&nbsp;</td>\n<td>&nbsp;</td>\n</tr>\n</tbody>\n</table>', NULL, NULL, 1, 1, 1, 0, 0, NULL, 0),
(32, 1, 22, 1, 0, 1, 1, 1, 'Page', '2021-06-30 13:45:52', '2021-06-28 09:41:13', 'Inherit', 'Inherit', 'home', 'Home', NULL, '<table>\n<tbody>\n<tr>\n<td>\n<p><strong>It has landed</strong></p>\n<h1><strong>what we have to </strong></h1>\n<h1><strong>offer in</strong></h1>\n<p class=\"bgorange\"><strong>Silverstripe 4</strong></p>\n<p class=\"clickmore\">LEARN MORE</p>\n<p>&nbsp;</p>\n</td>\n<td>&nbsp;</td>\n</tr>\n<tr>\n<td>[image src=\"/jayspage/assets/look.png\" id=\"4\" width=\"600\" height=\"400\" class=\"leftAlone ss-htmleditorfield-file image\"]</td>\n<td>&nbsp;</td>\n</tr>\n<tr>\n<td>&nbsp;</td>\n<td>[image src=\"/jayspage/assets/speed.png\" id=\"2\" width=\"600\" height=\"503\" class=\"leftAlone ss-htmleditorfield-file image\"]</td>\n</tr>\n<tr>\n<td>&nbsp;</td>\n<td>&nbsp;</td>\n</tr>\n</tbody>\n</table>', NULL, NULL, 1, 1, 1, 0, 0, NULL, 0),
(33, 1, 23, 0, 0, 1, 1, 0, 'Page', '2021-06-30 13:48:26', '2021-06-28 09:41:13', 'Inherit', 'Inherit', 'home', 'Home', NULL, '<table>\n<tbody>\n<tr>\n<td>\n<p><strong>It has landed</strong></p>\n<h1><strong>what we have to </strong></h1>\n<h1><strong>offer in</strong></h1>\n<span class=\"bgorange\"><strong>Silverstripe 4</strong></span>\n<p class=\"clickmore\">LEARN MORE</p>\n<p>&nbsp;</p>\n</td>\n<td>&nbsp;</td>\n</tr>\n<tr>\n<td>[image src=\"/jayspage/assets/look.png\" id=\"4\" width=\"600\" height=\"400\" class=\"leftAlone ss-htmleditorfield-file image\"]</td>\n<td>&nbsp;</td>\n</tr>\n<tr>\n<td>&nbsp;</td>\n<td>[image src=\"/jayspage/assets/speed.png\" id=\"2\" width=\"600\" height=\"503\" class=\"leftAlone ss-htmleditorfield-file image\"]</td>\n</tr>\n<tr>\n<td>&nbsp;</td>\n<td>&nbsp;</td>\n</tr>\n</tbody>\n</table>', NULL, NULL, 1, 1, 1, 0, 0, NULL, 0),
(34, 1, 24, 1, 0, 1, 1, 1, 'Page', '2021-06-30 13:48:37', '2021-06-28 09:41:13', 'Inherit', 'Inherit', 'home', 'Home', NULL, '<table>\n<tbody>\n<tr>\n<td>\n<p><strong>It has landed</strong></p>\n<h1><strong>what we have to </strong></h1>\n<h1><strong>offer in</strong></h1>\n<span class=\"bgorange\"><strong>Silverstripe 4</strong></span>\n<p class=\"clickmore\">LEARN MORE</p>\n<p>&nbsp;</p>\n</td>\n<td>&nbsp;</td>\n</tr>\n<tr>\n<td>[image src=\"/jayspage/assets/look.png\" id=\"4\" width=\"600\" height=\"400\" class=\"leftAlone ss-htmleditorfield-file image\"]</td>\n<td>&nbsp;</td>\n</tr>\n<tr>\n<td>&nbsp;</td>\n<td>[image src=\"/jayspage/assets/speed.png\" id=\"2\" width=\"600\" height=\"503\" class=\"leftAlone ss-htmleditorfield-file image\"]</td>\n</tr>\n<tr>\n<td>&nbsp;</td>\n<td>&nbsp;</td>\n</tr>\n</tbody>\n</table>', NULL, NULL, 1, 1, 1, 0, 0, NULL, 0),
(35, 1, 25, 0, 0, 1, 1, 0, 'Page', '2021-06-30 13:51:08', '2021-06-28 09:41:13', 'Inherit', 'Inherit', 'home', 'Home', NULL, '<table>\n<tbody>\n<tr>\n<td>\n<h5><strong>It has landed</strong></h5>\n<h1 class=\"bgwhite\"><strong>what we have to </strong></h1>\n<h1 class=\"bgwhite\"><strong>offer in</strong></h1>\n<h1 class=\"bgorange\"><strong>Silverstripe 4</strong></h1>\n<p class=\"clickmore\">LEARN MORE</p>\n<p>&nbsp;</p>\n</td>\n<td>&nbsp;</td>\n</tr>\n<tr>\n<td>[image src=\"/jayspage/assets/look.png\" id=\"4\" width=\"600\" height=\"400\" class=\"leftAlone ss-htmleditorfield-file image\"]</td>\n<td>&nbsp;</td>\n</tr>\n<tr>\n<td>&nbsp;</td>\n<td>[image src=\"/jayspage/assets/speed.png\" id=\"2\" width=\"600\" height=\"503\" class=\"leftAlone ss-htmleditorfield-file image\"]</td>\n</tr>\n<tr>\n<td>&nbsp;</td>\n<td>&nbsp;</td>\n</tr>\n</tbody>\n</table>', NULL, NULL, 1, 1, 1, 0, 0, NULL, 0),
(36, 1, 26, 1, 0, 1, 1, 1, 'Page', '2021-06-30 13:51:11', '2021-06-28 09:41:13', 'Inherit', 'Inherit', 'home', 'Home', NULL, '<table>\n<tbody>\n<tr>\n<td>\n<h5><strong>It has landed</strong></h5>\n<h1 class=\"bgwhite\"><strong>what we have to </strong></h1>\n<h1 class=\"bgwhite\"><strong>offer in</strong></h1>\n<h1 class=\"bgorange\"><strong>Silverstripe 4</strong></h1>\n<p class=\"clickmore\">LEARN MORE</p>\n<p>&nbsp;</p>\n</td>\n<td>&nbsp;</td>\n</tr>\n<tr>\n<td>[image src=\"/jayspage/assets/look.png\" id=\"4\" width=\"600\" height=\"400\" class=\"leftAlone ss-htmleditorfield-file image\"]</td>\n<td>&nbsp;</td>\n</tr>\n<tr>\n<td>&nbsp;</td>\n<td>[image src=\"/jayspage/assets/speed.png\" id=\"2\" width=\"600\" height=\"503\" class=\"leftAlone ss-htmleditorfield-file image\"]</td>\n</tr>\n<tr>\n<td>&nbsp;</td>\n<td>&nbsp;</td>\n</tr>\n</tbody>\n</table>', NULL, NULL, 1, 1, 1, 0, 0, NULL, 0),
(37, 1, 27, 0, 0, 1, 1, 0, 'Page', '2021-06-30 13:54:43', '2021-06-28 09:41:13', 'Inherit', 'Inherit', 'home', 'Home', NULL, '<table>\n<tbody>\n<tr>\n<td>\n<h5 class=\"letterwhite\"><strong>It has landed</strong></h5>\n<h1 class=\"bgwhite\"><strong>what we have to </strong></h1>\n<h1 class=\"bgwhite\"><strong>offer in</strong></h1>\n<h1 class=\"bgorange\"><strong>Silverstripe 4</strong></h1>\n<p class=\"clickmore\">LEARN MORE</p>\n<p>&nbsp;</p>\n</td>\n<td>&nbsp;</td>\n</tr>\n<tr>\n<td>[image src=\"/jayspage/assets/look.png\" id=\"4\" width=\"600\" height=\"400\" class=\"leftAlone ss-htmleditorfield-file image\"]</td>\n<td>&nbsp;</td>\n</tr>\n<tr>\n<td>&nbsp;</td>\n<td>[image src=\"/jayspage/assets/speed.png\" id=\"2\" width=\"600\" height=\"503\" class=\"leftAlone ss-htmleditorfield-file image\"]</td>\n</tr>\n<tr>\n<td>&nbsp;</td>\n<td>&nbsp;</td>\n</tr>\n</tbody>\n</table>', NULL, NULL, 1, 1, 1, 0, 0, NULL, 0),
(38, 1, 28, 1, 0, 1, 1, 1, 'Page', '2021-06-30 13:54:45', '2021-06-28 09:41:13', 'Inherit', 'Inherit', 'home', 'Home', NULL, '<table>\n<tbody>\n<tr>\n<td>\n<h5 class=\"letterwhite\"><strong>It has landed</strong></h5>\n<h1 class=\"bgwhite\"><strong>what we have to </strong></h1>\n<h1 class=\"bgwhite\"><strong>offer in</strong></h1>\n<h1 class=\"bgorange\"><strong>Silverstripe 4</strong></h1>\n<p class=\"clickmore\">LEARN MORE</p>\n<p>&nbsp;</p>\n</td>\n<td>&nbsp;</td>\n</tr>\n<tr>\n<td>[image src=\"/jayspage/assets/look.png\" id=\"4\" width=\"600\" height=\"400\" class=\"leftAlone ss-htmleditorfield-file image\"]</td>\n<td>&nbsp;</td>\n</tr>\n<tr>\n<td>&nbsp;</td>\n<td>[image src=\"/jayspage/assets/speed.png\" id=\"2\" width=\"600\" height=\"503\" class=\"leftAlone ss-htmleditorfield-file image\"]</td>\n</tr>\n<tr>\n<td>&nbsp;</td>\n<td>&nbsp;</td>\n</tr>\n</tbody>\n</table>', NULL, NULL, 1, 1, 1, 0, 0, NULL, 0),
(39, 1, 29, 0, 0, 1, 1, 0, 'Page', '2021-06-30 14:00:28', '2021-06-28 09:41:13', 'Inherit', 'Inherit', 'home', 'Home', NULL, '<table>\n<tbody>\n<tr>\n<td>\n<h5 class=\"letterwhite\"><strong>It has landed</strong></h5>\n<h1 class=\"bgwhite\"><strong>what we have to </strong></h1>\n<h1 class=\"bgwhite\"><strong>offer in</strong></h1>\n<h1 class=\"bgorange\"><strong>Silverstripe 4</strong></h1>\n<p class=\"clickmore\">LEARN MORE</p>\n<p>&nbsp;</p>\n</td>\n<td>&nbsp;</td>\n</tr>\n<tr>\n<td>[image src=\"/jayspage/assets/look.png\" id=\"4\" width=\"600\" height=\"400\" class=\"leftAlone ss-htmleditorfield-file image\"]</td>\n<td>\n<h5 class=\"letterwhite\"><strong>Look &amp; feel</strong></h5>\n<h2 class=\"bgwhite\"><strong>customise you</strong></h2>\n<h2 class=\"bgorange\"><strong>website</strong></h2>\n<p class=\"bgwhite\">Aspis et eos ...</p>\n</td>\n</tr>\n<tr>\n<td>&nbsp;</td>\n<td>[image src=\"/jayspage/assets/speed.png\" id=\"2\" width=\"600\" height=\"503\" class=\"leftAlone ss-htmleditorfield-file image\"]</td>\n</tr>\n<tr>\n<td>&nbsp;</td>\n<td>&nbsp;</td>\n</tr>\n</tbody>\n</table>', NULL, NULL, 1, 1, 1, 0, 0, NULL, 0),
(40, 1, 30, 1, 0, 1, 1, 1, 'Page', '2021-06-30 14:00:32', '2021-06-28 09:41:13', 'Inherit', 'Inherit', 'home', 'Home', NULL, '<table>\n<tbody>\n<tr>\n<td>\n<h5 class=\"letterwhite\"><strong>It has landed</strong></h5>\n<h1 class=\"bgwhite\"><strong>what we have to </strong></h1>\n<h1 class=\"bgwhite\"><strong>offer in</strong></h1>\n<h1 class=\"bgorange\"><strong>Silverstripe 4</strong></h1>\n<p class=\"clickmore\">LEARN MORE</p>\n<p>&nbsp;</p>\n</td>\n<td>&nbsp;</td>\n</tr>\n<tr>\n<td>[image src=\"/jayspage/assets/look.png\" id=\"4\" width=\"600\" height=\"400\" class=\"leftAlone ss-htmleditorfield-file image\"]</td>\n<td>\n<h5 class=\"letterwhite\"><strong>Look &amp; feel</strong></h5>\n<h2 class=\"bgwhite\"><strong>customise you</strong></h2>\n<h2 class=\"bgorange\"><strong>website</strong></h2>\n<p class=\"bgwhite\">Aspis et eos ...</p>\n</td>\n</tr>\n<tr>\n<td>&nbsp;</td>\n<td>[image src=\"/jayspage/assets/speed.png\" id=\"2\" width=\"600\" height=\"503\" class=\"leftAlone ss-htmleditorfield-file image\"]</td>\n</tr>\n<tr>\n<td>&nbsp;</td>\n<td>&nbsp;</td>\n</tr>\n</tbody>\n</table>', NULL, NULL, 1, 1, 1, 0, 0, NULL, 0),
(41, 1, 31, 0, 0, 1, 1, 0, 'Page', '2021-06-30 14:02:22', '2021-06-28 09:41:13', 'Inherit', 'Inherit', 'home', 'Home', NULL, '<table>\n<tbody>\n<tr>\n<td>\n<h5 class=\"letterwhite\"><strong>It has landed</strong></h5>\n<h1 class=\"bgwhite\"><strong>what we have to </strong></h1>\n<h1 class=\"bgwhite\"><strong>offer in</strong></h1>\n<h1 class=\"bgorange\"><strong>Silverstripe 4</strong></h1>\n<p class=\"clickmore\">LEARN MORE</p>\n<p>&nbsp;</p>\n</td>\n<td>&nbsp;</td>\n</tr>\n<tr>\n<td>[image src=\"/jayspage/assets/look.png\" id=\"4\" width=\"600\" height=\"400\" class=\"leftAlone ss-htmleditorfield-file image\"]</td>\n<td>\n<h5 class=\"letterwhite\"><strong>Look &amp; feel</strong></h5>\n<h2 class=\"bgwhite\"><strong>customise you</strong></h2>\n<h2 class=\"bgorange\"><strong>website</strong></h2>\n<p class=\"letterwhite\">Aspis et eos ...</p>\n</td>\n</tr>\n<tr>\n<td>&nbsp;</td>\n<td>[image src=\"/jayspage/assets/speed.png\" id=\"2\" width=\"600\" height=\"503\" class=\"leftAlone ss-htmleditorfield-file image\"]</td>\n</tr>\n<tr>\n<td>&nbsp;</td>\n<td>&nbsp;</td>\n</tr>\n</tbody>\n</table>', NULL, NULL, 1, 1, 1, 0, 0, NULL, 0),
(42, 1, 32, 1, 0, 1, 1, 1, 'Page', '2021-06-30 14:02:24', '2021-06-28 09:41:13', 'Inherit', 'Inherit', 'home', 'Home', NULL, '<table>\n<tbody>\n<tr>\n<td>\n<h5 class=\"letterwhite\"><strong>It has landed</strong></h5>\n<h1 class=\"bgwhite\"><strong>what we have to </strong></h1>\n<h1 class=\"bgwhite\"><strong>offer in</strong></h1>\n<h1 class=\"bgorange\"><strong>Silverstripe 4</strong></h1>\n<p class=\"clickmore\">LEARN MORE</p>\n<p>&nbsp;</p>\n</td>\n<td>&nbsp;</td>\n</tr>\n<tr>\n<td>[image src=\"/jayspage/assets/look.png\" id=\"4\" width=\"600\" height=\"400\" class=\"leftAlone ss-htmleditorfield-file image\"]</td>\n<td>\n<h5 class=\"letterwhite\"><strong>Look &amp; feel</strong></h5>\n<h2 class=\"bgwhite\"><strong>customise you</strong></h2>\n<h2 class=\"bgorange\"><strong>website</strong></h2>\n<p class=\"letterwhite\">Aspis et eos ...</p>\n</td>\n</tr>\n<tr>\n<td>&nbsp;</td>\n<td>[image src=\"/jayspage/assets/speed.png\" id=\"2\" width=\"600\" height=\"503\" class=\"leftAlone ss-htmleditorfield-file image\"]</td>\n</tr>\n<tr>\n<td>&nbsp;</td>\n<td>&nbsp;</td>\n</tr>\n</tbody>\n</table>', NULL, NULL, 1, 1, 1, 0, 0, NULL, 0),
(43, 1, 33, 0, 0, 1, 1, 0, 'Page', '2021-06-30 14:05:57', '2021-06-28 09:41:13', 'Inherit', 'Inherit', 'home', 'Home', NULL, '<table>\n<tbody>\n<tr>\n<td>\n<h5 class=\"letterwhite\"><strong>It has landed</strong></h5>\n<h1 class=\"bgwhite\"><strong>what we have to </strong></h1>\n<h1 class=\"bgwhite\"><strong>offer in</strong></h1>\n<h1 class=\"bgorange\"><strong>Silverstripe 4</strong></h1>\n<p class=\"clickmore\">LEARN MORE</p>\n<p>&nbsp;</p>\n</td>\n<td>&nbsp;</td>\n</tr>\n<tr>\n<td>[image src=\"/jayspage/assets/look.png\" id=\"4\" width=\"600\" height=\"400\" class=\"leftAlone ss-htmleditorfield-file image\"]</td>\n<td>\n<h5 class=\"letterwhite\"><strong>Look &amp; feel</strong></h5>\n<h2 class=\"bgwhite\"><strong>customise you</strong></h2>\n<h2 class=\"bgorange\"><strong>website</strong></h2>\n<p class=\"letterwhite\">Aspis et eos ...</p>\n</td>\n</tr>\n<tr>\n<td>\n<h5 class=\"letterwhite\"><strong>Speed</strong></h5>\n<h2 class=\"bgwhite\"><strong>faster than</strong></h2>\n<h2 class=\"bgorange\"><strong>before</strong></h2>\n<p class=\"letterwhite\">Aspis et eos ...</p>\n</td>\n<td>[image src=\"/jayspage/assets/speed.png\" id=\"2\" width=\"600\" height=\"503\" class=\"leftAlone ss-htmleditorfield-file image\"]</td>\n</tr>\n<tr>\n<td>\n<h1 class=\"bgwhite\"><strong>get in touch to </strong></h1>\n<h1 class=\"bgorange\"><strong>upgrade</strong></h1>\n</td>\n<td>&nbsp;</td>\n</tr>\n</tbody>\n</table>', NULL, NULL, 1, 1, 1, 0, 0, NULL, 0),
(44, 1, 34, 1, 0, 1, 1, 1, 'Page', '2021-06-30 14:06:00', '2021-06-28 09:41:13', 'Inherit', 'Inherit', 'home', 'Home', NULL, '<table>\n<tbody>\n<tr>\n<td>\n<h5 class=\"letterwhite\"><strong>It has landed</strong></h5>\n<h1 class=\"bgwhite\"><strong>what we have to </strong></h1>\n<h1 class=\"bgwhite\"><strong>offer in</strong></h1>\n<h1 class=\"bgorange\"><strong>Silverstripe 4</strong></h1>\n<p class=\"clickmore\">LEARN MORE</p>\n<p>&nbsp;</p>\n</td>\n<td>&nbsp;</td>\n</tr>\n<tr>\n<td>[image src=\"/jayspage/assets/look.png\" id=\"4\" width=\"600\" height=\"400\" class=\"leftAlone ss-htmleditorfield-file image\"]</td>\n<td>\n<h5 class=\"letterwhite\"><strong>Look &amp; feel</strong></h5>\n<h2 class=\"bgwhite\"><strong>customise you</strong></h2>\n<h2 class=\"bgorange\"><strong>website</strong></h2>\n<p class=\"letterwhite\">Aspis et eos ...</p>\n</td>\n</tr>\n<tr>\n<td>\n<h5 class=\"letterwhite\"><strong>Speed</strong></h5>\n<h2 class=\"bgwhite\"><strong>faster than</strong></h2>\n<h2 class=\"bgorange\"><strong>before</strong></h2>\n<p class=\"letterwhite\">Aspis et eos ...</p>\n</td>\n<td>[image src=\"/jayspage/assets/speed.png\" id=\"2\" width=\"600\" height=\"503\" class=\"leftAlone ss-htmleditorfield-file image\"]</td>\n</tr>\n<tr>\n<td>\n<h1 class=\"bgwhite\"><strong>get in touch to </strong></h1>\n<h1 class=\"bgorange\"><strong>upgrade</strong></h1>\n</td>\n<td>&nbsp;</td>\n</tr>\n</tbody>\n</table>', NULL, NULL, 1, 1, 1, 0, 0, NULL, 0),
(45, 1, 35, 0, 0, 1, 1, 0, 'Page', '2021-06-30 14:17:41', '2021-06-28 09:41:13', 'Inherit', 'Inherit', 'home', 'Home', NULL, '<table>\n<tbody>\n<tr>\n<td>\n<h5 class=\"letterwhite\"><strong>It has landed</strong></h5>\n<h1 class=\"bgwhite\"><strong>what we have to </strong></h1>\n<h1 class=\"bgwhite\"><strong>offer in</strong></h1>\n<h1 class=\"bgorange\"><strong>Silverstripe 4</strong></h1>\n<p class=\"clickmore\">LEARN MORE</p>\n</td>\n<td>&nbsp;</td>\n</tr>\n<tr>\n<td>[image src=\"/jayspage/assets/look.png\" id=\"4\" width=\"600\" height=\"400\" class=\"leftAlone ss-htmleditorfield-file image\"]</td>\n<td>\n<h5 class=\"letterwhite\"><strong>Look &amp; feel</strong></h5>\n<h2 class=\"bgwhite\"><strong>customise you</strong></h2>\n<h2 class=\"bgorange\"><strong>website</strong></h2>\n<p class=\"letterwhite\">Aspis et eos ...</p>\n</td>\n</tr>\n<tr>\n<td>\n<h5 class=\"letterwhite\"><strong>Speed</strong></h5>\n<h2 class=\"bgwhite\"><strong>faster than</strong></h2>\n<h2 class=\"bgorange\"><strong>before</strong></h2>\n<p class=\"letterwhite\">Aspis et eos ...</p>\n</td>\n<td>[image src=\"/jayspage/assets/speed.png\" id=\"2\" width=\"600\" height=\"503\" class=\"leftAlone ss-htmleditorfield-file image\"]</td>\n</tr>\n<tr>\n<td>\n<h1 class=\"bgwhite\"><strong>get in touch to </strong></h1>\n<h1 class=\"bgorange\"><strong>upgrade</strong></h1>\n</td>\n<td>&nbsp;</td>\n</tr>\n</tbody>\n</table>', NULL, NULL, 1, 1, 1, 0, 0, NULL, 0),
(46, 1, 36, 1, 0, 1, 1, 1, 'Page', '2021-06-30 14:17:46', '2021-06-28 09:41:13', 'Inherit', 'Inherit', 'home', 'Home', NULL, '<table>\n<tbody>\n<tr>\n<td>\n<h5 class=\"letterwhite\"><strong>It has landed</strong></h5>\n<h1 class=\"bgwhite\"><strong>what we have to </strong></h1>\n<h1 class=\"bgwhite\"><strong>offer in</strong></h1>\n<h1 class=\"bgorange\"><strong>Silverstripe 4</strong></h1>\n<p class=\"clickmore\">LEARN MORE</p>\n</td>\n<td>&nbsp;</td>\n</tr>\n<tr>\n<td>[image src=\"/jayspage/assets/look.png\" id=\"4\" width=\"600\" height=\"400\" class=\"leftAlone ss-htmleditorfield-file image\"]</td>\n<td>\n<h5 class=\"letterwhite\"><strong>Look &amp; feel</strong></h5>\n<h2 class=\"bgwhite\"><strong>customise you</strong></h2>\n<h2 class=\"bgorange\"><strong>website</strong></h2>\n<p class=\"letterwhite\">Aspis et eos ...</p>\n</td>\n</tr>\n<tr>\n<td>\n<h5 class=\"letterwhite\"><strong>Speed</strong></h5>\n<h2 class=\"bgwhite\"><strong>faster than</strong></h2>\n<h2 class=\"bgorange\"><strong>before</strong></h2>\n<p class=\"letterwhite\">Aspis et eos ...</p>\n</td>\n<td>[image src=\"/jayspage/assets/speed.png\" id=\"2\" width=\"600\" height=\"503\" class=\"leftAlone ss-htmleditorfield-file image\"]</td>\n</tr>\n<tr>\n<td>\n<h1 class=\"bgwhite\"><strong>get in touch to </strong></h1>\n<h1 class=\"bgorange\"><strong>upgrade</strong></h1>\n</td>\n<td>&nbsp;</td>\n</tr>\n</tbody>\n</table>', NULL, NULL, 1, 1, 1, 0, 0, NULL, 0),
(47, 1, 37, 0, 0, 1, 1, 0, 'Page', '2021-06-30 14:21:21', '2021-06-28 09:41:13', 'Inherit', 'Inherit', 'home', 'Home', NULL, '<table id=\"tblmain\">\n<tbody>\n<tr>\n<td>\n<h5 class=\"letterwhite\"><strong>It has landed</strong></h5>\n<h1 class=\"bgwhite\"><strong>what we have to </strong></h1>\n<h1 class=\"bgwhite\"><strong>offer in</strong></h1>\n<h1 class=\"bgorange\"><strong>Silverstripe 4</strong></h1>\n<p class=\"clickmore\">LEARN MORE</p>\n</td>\n<td>&nbsp;</td>\n</tr>\n<tr>\n<td>[image src=\"/jayspage/assets/look.png\" id=\"4\" width=\"600\" height=\"400\" class=\"leftAlone ss-htmleditorfield-file image\"]</td>\n<td>\n<h5 class=\"letterwhite\"><strong>Look &amp; feel</strong></h5>\n<h2 class=\"bgwhite\"><strong>customise you</strong></h2>\n<h2 class=\"bgorange\"><strong>website</strong></h2>\n<p class=\"letterwhite\">Aspis et eos ...</p>\n</td>\n</tr>\n<tr>\n<td>\n<h5 class=\"letterwhite\"><strong>Speed</strong></h5>\n<h2 class=\"bgwhite\"><strong>faster than</strong></h2>\n<h2 class=\"bgorange\"><strong>before</strong></h2>\n<p class=\"letterwhite\">Aspis et eos ...</p>\n</td>\n<td>[image src=\"/jayspage/assets/speed.png\" id=\"2\" width=\"600\" height=\"503\" class=\"leftAlone ss-htmleditorfield-file image\"]</td>\n</tr>\n<tr>\n<td>\n<h1 class=\"bgwhite\"><strong>get in touch to </strong></h1>\n<h1 class=\"bgorange\"><strong>upgrade</strong></h1>\n</td>\n<td>&nbsp;</td>\n</tr>\n</tbody>\n</table>', NULL, NULL, 1, 1, 1, 0, 0, NULL, 0),
(48, 1, 38, 1, 0, 1, 1, 1, 'Page', '2021-06-30 14:21:29', '2021-06-28 09:41:13', 'Inherit', 'Inherit', 'home', 'Home', NULL, '<table id=\"tblmain\">\n<tbody>\n<tr>\n<td>\n<h5 class=\"letterwhite\"><strong>It has landed</strong></h5>\n<h1 class=\"bgwhite\"><strong>what we have to </strong></h1>\n<h1 class=\"bgwhite\"><strong>offer in</strong></h1>\n<h1 class=\"bgorange\"><strong>Silverstripe 4</strong></h1>\n<p class=\"clickmore\">LEARN MORE</p>\n</td>\n<td>&nbsp;</td>\n</tr>\n<tr>\n<td>[image src=\"/jayspage/assets/look.png\" id=\"4\" width=\"600\" height=\"400\" class=\"leftAlone ss-htmleditorfield-file image\"]</td>\n<td>\n<h5 class=\"letterwhite\"><strong>Look &amp; feel</strong></h5>\n<h2 class=\"bgwhite\"><strong>customise you</strong></h2>\n<h2 class=\"bgorange\"><strong>website</strong></h2>\n<p class=\"letterwhite\">Aspis et eos ...</p>\n</td>\n</tr>\n<tr>\n<td>\n<h5 class=\"letterwhite\"><strong>Speed</strong></h5>\n<h2 class=\"bgwhite\"><strong>faster than</strong></h2>\n<h2 class=\"bgorange\"><strong>before</strong></h2>\n<p class=\"letterwhite\">Aspis et eos ...</p>\n</td>\n<td>[image src=\"/jayspage/assets/speed.png\" id=\"2\" width=\"600\" height=\"503\" class=\"leftAlone ss-htmleditorfield-file image\"]</td>\n</tr>\n<tr>\n<td>\n<h1 class=\"bgwhite\"><strong>get in touch to </strong></h1>\n<h1 class=\"bgorange\"><strong>upgrade</strong></h1>\n</td>\n<td>&nbsp;</td>\n</tr>\n</tbody>\n</table>', NULL, NULL, 1, 1, 1, 0, 0, NULL, 0);

-- --------------------------------------------------------

--
-- Table structure for table `sitetree_viewergroups`
--

CREATE TABLE `sitetree_viewergroups` (
  `ID` int(11) NOT NULL,
  `SiteTreeID` int(11) NOT NULL DEFAULT 0,
  `GroupID` int(11) NOT NULL DEFAULT 0
) ENGINE=InnoDB DEFAULT CHARSET=utf8;

-- --------------------------------------------------------

--
-- Table structure for table `userdata`
--

CREATE TABLE `userdata` (
  `ID` int(11) NOT NULL,
  `ClassName` enum('UserData') CHARACTER SET utf8mb4 COLLATE utf8mb4_unicode_ci DEFAULT 'UserData',
  `LastEdited` datetime DEFAULT NULL,
  `Created` datetime DEFAULT NULL,
  `Name` varchar(255) CHARACTER SET utf8mb4 COLLATE utf8mb4_unicode_ci DEFAULT NULL,
  `Email` varchar(255) CHARACTER SET utf8mb4 COLLATE utf8mb4_unicode_ci DEFAULT NULL,
  `Company` varchar(15) CHARACTER SET utf8mb4 COLLATE utf8mb4_unicode_ci DEFAULT NULL
) ENGINE=InnoDB DEFAULT CHARSET=utf8;

-- --------------------------------------------------------

--
-- Table structure for table `virtualpage`
--

CREATE TABLE `virtualpage` (
  `ID` int(11) NOT NULL,
  `VersionID` int(11) NOT NULL DEFAULT 0,
  `CopyContentFromID` int(11) NOT NULL DEFAULT 0
) ENGINE=InnoDB DEFAULT CHARSET=utf8;

--
-- Dumping data for table `virtualpage`
--

INSERT INTO `virtualpage` (`ID`, `VersionID`, `CopyContentFromID`) VALUES
(1, 0, 0);

-- --------------------------------------------------------

--
-- Table structure for table `virtualpage_live`
--

CREATE TABLE `virtualpage_live` (
  `ID` int(11) NOT NULL,
  `VersionID` int(11) NOT NULL DEFAULT 0,
  `CopyContentFromID` int(11) NOT NULL DEFAULT 0
) ENGINE=InnoDB DEFAULT CHARSET=utf8;

-- --------------------------------------------------------

--
-- Table structure for table `virtualpage_versions`
--

CREATE TABLE `virtualpage_versions` (
  `ID` int(11) NOT NULL,
  `RecordID` int(11) NOT NULL DEFAULT 0,
  `Version` int(11) NOT NULL DEFAULT 0,
  `VersionID` int(11) NOT NULL DEFAULT 0,
  `CopyContentFromID` int(11) NOT NULL DEFAULT 0
) ENGINE=InnoDB DEFAULT CHARSET=utf8;

--
-- Dumping data for table `virtualpage_versions`
--

INSERT INTO `virtualpage_versions` (`ID`, `RecordID`, `Version`, `VersionID`, `CopyContentFromID`) VALUES
(1, 1, 3, 0, 0);

-- --------------------------------------------------------

--
-- Table structure for table `_obsolete_page`
--

CREATE TABLE `_obsolete_page` (
  `ID` int(11) NOT NULL,
  `Success` varchar(255) CHARACTER SET utf8mb4 COLLATE utf8mb4_unicode_ci DEFAULT NULL
) ENGINE=InnoDB DEFAULT CHARSET=utf8;

-- --------------------------------------------------------

--
-- Table structure for table `_obsolete_page_live`
--

CREATE TABLE `_obsolete_page_live` (
  `ID` int(11) NOT NULL,
  `Success` varchar(255) CHARACTER SET utf8mb4 COLLATE utf8mb4_unicode_ci DEFAULT NULL
) ENGINE=InnoDB DEFAULT CHARSET=utf8;

-- --------------------------------------------------------

--
-- Table structure for table `_obsolete_page_versions`
--

CREATE TABLE `_obsolete_page_versions` (
  `ID` int(11) NOT NULL,
  `RecordID` int(11) NOT NULL DEFAULT 0,
  `Version` int(11) NOT NULL DEFAULT 0,
  `Success` varchar(255) CHARACTER SET utf8mb4 COLLATE utf8mb4_unicode_ci DEFAULT NULL
) ENGINE=InnoDB DEFAULT CHARSET=utf8;

--
-- Indexes for dumped tables
--

--
-- Indexes for table `changeset`
--
ALTER TABLE `changeset`
  ADD PRIMARY KEY (`ID`),
  ADD KEY `State` (`State`),
  ADD KEY `ID` (`ID`),
  ADD KEY `ClassName` (`ClassName`),
  ADD KEY `OwnerID` (`OwnerID`),
  ADD KEY `PublisherID` (`PublisherID`);

--
-- Indexes for table `changesetitem`
--
ALTER TABLE `changesetitem`
  ADD PRIMARY KEY (`ID`),
  ADD UNIQUE KEY `ObjectUniquePerChangeSet` (`ObjectID`,`ObjectClass`,`ChangeSetID`),
  ADD KEY `ClassName` (`ClassName`),
  ADD KEY `ChangeSetID` (`ChangeSetID`),
  ADD KEY `Object` (`ObjectID`,`ObjectClass`);

--
-- Indexes for table `changesetitem_referencedby`
--
ALTER TABLE `changesetitem_referencedby`
  ADD PRIMARY KEY (`ID`),
  ADD KEY `ChangeSetItemID` (`ChangeSetItemID`),
  ADD KEY `ChildID` (`ChildID`);

--
-- Indexes for table `errorpage`
--
ALTER TABLE `errorpage`
  ADD PRIMARY KEY (`ID`);

--
-- Indexes for table `errorpage_live`
--
ALTER TABLE `errorpage_live`
  ADD PRIMARY KEY (`ID`);

--
-- Indexes for table `errorpage_versions`
--
ALTER TABLE `errorpage_versions`
  ADD PRIMARY KEY (`ID`),
  ADD UNIQUE KEY `RecordID_Version` (`RecordID`,`Version`),
  ADD KEY `RecordID` (`RecordID`),
  ADD KEY `Version` (`Version`);

--
-- Indexes for table `file`
--
ALTER TABLE `file`
  ADD PRIMARY KEY (`ID`),
  ADD KEY `Name` (`Name`),
  ADD KEY `ClassName` (`ClassName`),
  ADD KEY `ParentID` (`ParentID`),
  ADD KEY `OwnerID` (`OwnerID`),
  ADD KEY `FileHash` (`FileHash`);

--
-- Indexes for table `filelink`
--
ALTER TABLE `filelink`
  ADD PRIMARY KEY (`ID`),
  ADD KEY `ClassName` (`ClassName`),
  ADD KEY `LinkedID` (`LinkedID`),
  ADD KEY `Parent` (`ParentID`,`ParentClass`);

--
-- Indexes for table `file_editorgroups`
--
ALTER TABLE `file_editorgroups`
  ADD PRIMARY KEY (`ID`),
  ADD KEY `FileID` (`FileID`),
  ADD KEY `GroupID` (`GroupID`);

--
-- Indexes for table `file_live`
--
ALTER TABLE `file_live`
  ADD PRIMARY KEY (`ID`),
  ADD KEY `Name` (`Name`),
  ADD KEY `ClassName` (`ClassName`),
  ADD KEY `ParentID` (`ParentID`),
  ADD KEY `OwnerID` (`OwnerID`),
  ADD KEY `FileHash` (`FileHash`);

--
-- Indexes for table `file_versions`
--
ALTER TABLE `file_versions`
  ADD PRIMARY KEY (`ID`),
  ADD KEY `RecordID_Version` (`RecordID`,`Version`),
  ADD KEY `RecordID` (`RecordID`),
  ADD KEY `Version` (`Version`),
  ADD KEY `AuthorID` (`AuthorID`),
  ADD KEY `PublisherID` (`PublisherID`),
  ADD KEY `Name` (`Name`),
  ADD KEY `ClassName` (`ClassName`),
  ADD KEY `ParentID` (`ParentID`),
  ADD KEY `OwnerID` (`OwnerID`),
  ADD KEY `FileHash` (`FileHash`);

--
-- Indexes for table `file_viewergroups`
--
ALTER TABLE `file_viewergroups`
  ADD PRIMARY KEY (`ID`),
  ADD KEY `FileID` (`FileID`),
  ADD KEY `GroupID` (`GroupID`);

--
-- Indexes for table `group`
--
ALTER TABLE `group`
  ADD PRIMARY KEY (`ID`),
  ADD KEY `ClassName` (`ClassName`),
  ADD KEY `ParentID` (`ParentID`);

--
-- Indexes for table `group_members`
--
ALTER TABLE `group_members`
  ADD PRIMARY KEY (`ID`),
  ADD KEY `GroupID` (`GroupID`),
  ADD KEY `MemberID` (`MemberID`);

--
-- Indexes for table `group_roles`
--
ALTER TABLE `group_roles`
  ADD PRIMARY KEY (`ID`),
  ADD KEY `GroupID` (`GroupID`),
  ADD KEY `PermissionRoleID` (`PermissionRoleID`);

--
-- Indexes for table `loginattempt`
--
ALTER TABLE `loginattempt`
  ADD PRIMARY KEY (`ID`),
  ADD KEY `ClassName` (`ClassName`),
  ADD KEY `MemberID` (`MemberID`),
  ADD KEY `EmailHashed` (`EmailHashed`);

--
-- Indexes for table `member`
--
ALTER TABLE `member`
  ADD PRIMARY KEY (`ID`),
  ADD KEY `Surname` (`Surname`),
  ADD KEY `FirstName` (`FirstName`),
  ADD KEY `ClassName` (`ClassName`),
  ADD KEY `Email` (`Email`);

--
-- Indexes for table `memberpassword`
--
ALTER TABLE `memberpassword`
  ADD PRIMARY KEY (`ID`),
  ADD KEY `ClassName` (`ClassName`),
  ADD KEY `MemberID` (`MemberID`);

--
-- Indexes for table `permission`
--
ALTER TABLE `permission`
  ADD PRIMARY KEY (`ID`),
  ADD KEY `ClassName` (`ClassName`),
  ADD KEY `GroupID` (`GroupID`),
  ADD KEY `Code` (`Code`);

--
-- Indexes for table `permissionrole`
--
ALTER TABLE `permissionrole`
  ADD PRIMARY KEY (`ID`),
  ADD KEY `Title` (`Title`),
  ADD KEY `ClassName` (`ClassName`);

--
-- Indexes for table `permissionrolecode`
--
ALTER TABLE `permissionrolecode`
  ADD PRIMARY KEY (`ID`),
  ADD KEY `ClassName` (`ClassName`),
  ADD KEY `RoleID` (`RoleID`);

--
-- Indexes for table `redirectorpage`
--
ALTER TABLE `redirectorpage`
  ADD PRIMARY KEY (`ID`),
  ADD KEY `LinkToID` (`LinkToID`);

--
-- Indexes for table `redirectorpage_live`
--
ALTER TABLE `redirectorpage_live`
  ADD PRIMARY KEY (`ID`),
  ADD KEY `LinkToID` (`LinkToID`);

--
-- Indexes for table `redirectorpage_versions`
--
ALTER TABLE `redirectorpage_versions`
  ADD PRIMARY KEY (`ID`),
  ADD UNIQUE KEY `RecordID_Version` (`RecordID`,`Version`),
  ADD KEY `RecordID` (`RecordID`),
  ADD KEY `Version` (`Version`),
  ADD KEY `LinkToID` (`LinkToID`);

--
-- Indexes for table `rememberloginhash`
--
ALTER TABLE `rememberloginhash`
  ADD PRIMARY KEY (`ID`),
  ADD KEY `ClassName` (`ClassName`),
  ADD KEY `MemberID` (`MemberID`),
  ADD KEY `DeviceID` (`DeviceID`),
  ADD KEY `Hash` (`Hash`);

--
-- Indexes for table `siteconfig`
--
ALTER TABLE `siteconfig`
  ADD PRIMARY KEY (`ID`),
  ADD KEY `ClassName` (`ClassName`);

--
-- Indexes for table `siteconfig_createtoplevelgroups`
--
ALTER TABLE `siteconfig_createtoplevelgroups`
  ADD PRIMARY KEY (`ID`),
  ADD KEY `SiteConfigID` (`SiteConfigID`),
  ADD KEY `GroupID` (`GroupID`);

--
-- Indexes for table `siteconfig_editorgroups`
--
ALTER TABLE `siteconfig_editorgroups`
  ADD PRIMARY KEY (`ID`),
  ADD KEY `SiteConfigID` (`SiteConfigID`),
  ADD KEY `GroupID` (`GroupID`);

--
-- Indexes for table `siteconfig_viewergroups`
--
ALTER TABLE `siteconfig_viewergroups`
  ADD PRIMARY KEY (`ID`),
  ADD KEY `SiteConfigID` (`SiteConfigID`),
  ADD KEY `GroupID` (`GroupID`);

--
-- Indexes for table `sitetree`
--
ALTER TABLE `sitetree`
  ADD PRIMARY KEY (`ID`),
  ADD KEY `Sort` (`Sort`),
  ADD KEY `ClassName` (`ClassName`),
  ADD KEY `ParentID` (`ParentID`),
  ADD KEY `URLSegment` (`URLSegment`);

--
-- Indexes for table `sitetreelink`
--
ALTER TABLE `sitetreelink`
  ADD PRIMARY KEY (`ID`),
  ADD KEY `ClassName` (`ClassName`),
  ADD KEY `LinkedID` (`LinkedID`),
  ADD KEY `Parent` (`ParentID`,`ParentClass`);

--
-- Indexes for table `sitetree_editorgroups`
--
ALTER TABLE `sitetree_editorgroups`
  ADD PRIMARY KEY (`ID`),
  ADD KEY `SiteTreeID` (`SiteTreeID`),
  ADD KEY `GroupID` (`GroupID`);

--
-- Indexes for table `sitetree_live`
--
ALTER TABLE `sitetree_live`
  ADD PRIMARY KEY (`ID`),
  ADD KEY `Sort` (`Sort`),
  ADD KEY `ClassName` (`ClassName`),
  ADD KEY `ParentID` (`ParentID`),
  ADD KEY `URLSegment` (`URLSegment`);

--
-- Indexes for table `sitetree_versions`
--
ALTER TABLE `sitetree_versions`
  ADD PRIMARY KEY (`ID`),
  ADD KEY `RecordID_Version` (`RecordID`,`Version`),
  ADD KEY `RecordID` (`RecordID`),
  ADD KEY `Version` (`Version`),
  ADD KEY `AuthorID` (`AuthorID`),
  ADD KEY `PublisherID` (`PublisherID`),
  ADD KEY `Sort` (`Sort`),
  ADD KEY `ClassName` (`ClassName`),
  ADD KEY `ParentID` (`ParentID`),
  ADD KEY `URLSegment` (`URLSegment`);

--
-- Indexes for table `sitetree_viewergroups`
--
ALTER TABLE `sitetree_viewergroups`
  ADD PRIMARY KEY (`ID`),
  ADD KEY `SiteTreeID` (`SiteTreeID`),
  ADD KEY `GroupID` (`GroupID`);

--
-- Indexes for table `userdata`
--
ALTER TABLE `userdata`
  ADD PRIMARY KEY (`ID`),
  ADD KEY `ClassName` (`ClassName`);

--
-- Indexes for table `virtualpage`
--
ALTER TABLE `virtualpage`
  ADD PRIMARY KEY (`ID`),
  ADD KEY `CopyContentFromID` (`CopyContentFromID`);

--
-- Indexes for table `virtualpage_live`
--
ALTER TABLE `virtualpage_live`
  ADD PRIMARY KEY (`ID`),
  ADD KEY `CopyContentFromID` (`CopyContentFromID`);

--
-- Indexes for table `virtualpage_versions`
--
ALTER TABLE `virtualpage_versions`
  ADD PRIMARY KEY (`ID`),
  ADD UNIQUE KEY `RecordID_Version` (`RecordID`,`Version`),
  ADD KEY `RecordID` (`RecordID`),
  ADD KEY `Version` (`Version`),
  ADD KEY `CopyContentFromID` (`CopyContentFromID`);

--
-- Indexes for table `_obsolete_page`
--
ALTER TABLE `_obsolete_page`
  ADD PRIMARY KEY (`ID`);

--
-- Indexes for table `_obsolete_page_live`
--
ALTER TABLE `_obsolete_page_live`
  ADD PRIMARY KEY (`ID`);

--
-- Indexes for table `_obsolete_page_versions`
--
ALTER TABLE `_obsolete_page_versions`
  ADD PRIMARY KEY (`ID`),
  ADD UNIQUE KEY `RecordID_Version` (`RecordID`,`Version`),
  ADD KEY `RecordID` (`RecordID`),
  ADD KEY `Version` (`Version`);

--
-- AUTO_INCREMENT for dumped tables
--

--
-- AUTO_INCREMENT for table `changeset`
--
ALTER TABLE `changeset`
  MODIFY `ID` int(11) NOT NULL AUTO_INCREMENT, AUTO_INCREMENT=22;

--
-- AUTO_INCREMENT for table `changesetitem`
--
ALTER TABLE `changesetitem`
  MODIFY `ID` int(11) NOT NULL AUTO_INCREMENT, AUTO_INCREMENT=96;

--
-- AUTO_INCREMENT for table `changesetitem_referencedby`
--
ALTER TABLE `changesetitem_referencedby`
  MODIFY `ID` int(11) NOT NULL AUTO_INCREMENT, AUTO_INCREMENT=75;

--
-- AUTO_INCREMENT for table `errorpage`
--
ALTER TABLE `errorpage`
  MODIFY `ID` int(11) NOT NULL AUTO_INCREMENT, AUTO_INCREMENT=6;

--
-- AUTO_INCREMENT for table `errorpage_live`
--
ALTER TABLE `errorpage_live`
  MODIFY `ID` int(11) NOT NULL AUTO_INCREMENT, AUTO_INCREMENT=6;

--
-- AUTO_INCREMENT for table `errorpage_versions`
--
ALTER TABLE `errorpage_versions`
  MODIFY `ID` int(11) NOT NULL AUTO_INCREMENT, AUTO_INCREMENT=5;

--
-- AUTO_INCREMENT for table `file`
--
ALTER TABLE `file`
  MODIFY `ID` int(11) NOT NULL AUTO_INCREMENT, AUTO_INCREMENT=10;

--
-- AUTO_INCREMENT for table `filelink`
--
ALTER TABLE `filelink`
  MODIFY `ID` int(11) NOT NULL AUTO_INCREMENT, AUTO_INCREMENT=5;

--
-- AUTO_INCREMENT for table `file_editorgroups`
--
ALTER TABLE `file_editorgroups`
  MODIFY `ID` int(11) NOT NULL AUTO_INCREMENT;

--
-- AUTO_INCREMENT for table `file_live`
--
ALTER TABLE `file_live`
  MODIFY `ID` int(11) NOT NULL AUTO_INCREMENT, AUTO_INCREMENT=6;

--
-- AUTO_INCREMENT for table `file_versions`
--
ALTER TABLE `file_versions`
  MODIFY `ID` int(11) NOT NULL AUTO_INCREMENT, AUTO_INCREMENT=24;

--
-- AUTO_INCREMENT for table `file_viewergroups`
--
ALTER TABLE `file_viewergroups`
  MODIFY `ID` int(11) NOT NULL AUTO_INCREMENT;

--
-- AUTO_INCREMENT for table `group`
--
ALTER TABLE `group`
  MODIFY `ID` int(11) NOT NULL AUTO_INCREMENT, AUTO_INCREMENT=3;

--
-- AUTO_INCREMENT for table `group_members`
--
ALTER TABLE `group_members`
  MODIFY `ID` int(11) NOT NULL AUTO_INCREMENT, AUTO_INCREMENT=2;

--
-- AUTO_INCREMENT for table `group_roles`
--
ALTER TABLE `group_roles`
  MODIFY `ID` int(11) NOT NULL AUTO_INCREMENT;

--
-- AUTO_INCREMENT for table `loginattempt`
--
ALTER TABLE `loginattempt`
  MODIFY `ID` int(11) NOT NULL AUTO_INCREMENT, AUTO_INCREMENT=7;

--
-- AUTO_INCREMENT for table `member`
--
ALTER TABLE `member`
  MODIFY `ID` int(11) NOT NULL AUTO_INCREMENT, AUTO_INCREMENT=2;

--
-- AUTO_INCREMENT for table `memberpassword`
--
ALTER TABLE `memberpassword`
  MODIFY `ID` int(11) NOT NULL AUTO_INCREMENT, AUTO_INCREMENT=2;

--
-- AUTO_INCREMENT for table `permission`
--
ALTER TABLE `permission`
  MODIFY `ID` int(11) NOT NULL AUTO_INCREMENT, AUTO_INCREMENT=6;

--
-- AUTO_INCREMENT for table `permissionrole`
--
ALTER TABLE `permissionrole`
  MODIFY `ID` int(11) NOT NULL AUTO_INCREMENT;

--
-- AUTO_INCREMENT for table `permissionrolecode`
--
ALTER TABLE `permissionrolecode`
  MODIFY `ID` int(11) NOT NULL AUTO_INCREMENT;

--
-- AUTO_INCREMENT for table `redirectorpage`
--
ALTER TABLE `redirectorpage`
  MODIFY `ID` int(11) NOT NULL AUTO_INCREMENT;

--
-- AUTO_INCREMENT for table `redirectorpage_live`
--
ALTER TABLE `redirectorpage_live`
  MODIFY `ID` int(11) NOT NULL AUTO_INCREMENT;

--
-- AUTO_INCREMENT for table `redirectorpage_versions`
--
ALTER TABLE `redirectorpage_versions`
  MODIFY `ID` int(11) NOT NULL AUTO_INCREMENT;

--
-- AUTO_INCREMENT for table `rememberloginhash`
--
ALTER TABLE `rememberloginhash`
  MODIFY `ID` int(11) NOT NULL AUTO_INCREMENT;

--
-- AUTO_INCREMENT for table `siteconfig`
--
ALTER TABLE `siteconfig`
  MODIFY `ID` int(11) NOT NULL AUTO_INCREMENT, AUTO_INCREMENT=2;

--
-- AUTO_INCREMENT for table `siteconfig_createtoplevelgroups`
--
ALTER TABLE `siteconfig_createtoplevelgroups`
  MODIFY `ID` int(11) NOT NULL AUTO_INCREMENT;

--
-- AUTO_INCREMENT for table `siteconfig_editorgroups`
--
ALTER TABLE `siteconfig_editorgroups`
  MODIFY `ID` int(11) NOT NULL AUTO_INCREMENT;

--
-- AUTO_INCREMENT for table `siteconfig_viewergroups`
--
ALTER TABLE `siteconfig_viewergroups`
  MODIFY `ID` int(11) NOT NULL AUTO_INCREMENT;

--
-- AUTO_INCREMENT for table `sitetree`
--
ALTER TABLE `sitetree`
  MODIFY `ID` int(11) NOT NULL AUTO_INCREMENT, AUTO_INCREMENT=6;

--
-- AUTO_INCREMENT for table `sitetreelink`
--
ALTER TABLE `sitetreelink`
  MODIFY `ID` int(11) NOT NULL AUTO_INCREMENT;

--
-- AUTO_INCREMENT for table `sitetree_editorgroups`
--
ALTER TABLE `sitetree_editorgroups`
  MODIFY `ID` int(11) NOT NULL AUTO_INCREMENT;

--
-- AUTO_INCREMENT for table `sitetree_live`
--
ALTER TABLE `sitetree_live`
  MODIFY `ID` int(11) NOT NULL AUTO_INCREMENT, AUTO_INCREMENT=6;

--
-- AUTO_INCREMENT for table `sitetree_versions`
--
ALTER TABLE `sitetree_versions`
  MODIFY `ID` int(11) NOT NULL AUTO_INCREMENT, AUTO_INCREMENT=49;

--
-- AUTO_INCREMENT for table `sitetree_viewergroups`
--
ALTER TABLE `sitetree_viewergroups`
  MODIFY `ID` int(11) NOT NULL AUTO_INCREMENT;

--
-- AUTO_INCREMENT for table `userdata`
--
ALTER TABLE `userdata`
  MODIFY `ID` int(11) NOT NULL AUTO_INCREMENT, AUTO_INCREMENT=23;

--
-- AUTO_INCREMENT for table `virtualpage`
--
ALTER TABLE `virtualpage`
  MODIFY `ID` int(11) NOT NULL AUTO_INCREMENT, AUTO_INCREMENT=2;

--
-- AUTO_INCREMENT for table `virtualpage_live`
--
ALTER TABLE `virtualpage_live`
  MODIFY `ID` int(11) NOT NULL AUTO_INCREMENT;

--
-- AUTO_INCREMENT for table `virtualpage_versions`
--
ALTER TABLE `virtualpage_versions`
  MODIFY `ID` int(11) NOT NULL AUTO_INCREMENT, AUTO_INCREMENT=2;

--
-- AUTO_INCREMENT for table `_obsolete_page`
--
ALTER TABLE `_obsolete_page`
  MODIFY `ID` int(11) NOT NULL AUTO_INCREMENT;

--
-- AUTO_INCREMENT for table `_obsolete_page_live`
--
ALTER TABLE `_obsolete_page_live`
  MODIFY `ID` int(11) NOT NULL AUTO_INCREMENT;

--
-- AUTO_INCREMENT for table `_obsolete_page_versions`
--
ALTER TABLE `_obsolete_page_versions`
  MODIFY `ID` int(11) NOT NULL AUTO_INCREMENT;
COMMIT;

/*!40101 SET CHARACTER_SET_CLIENT=@OLD_CHARACTER_SET_CLIENT */;
/*!40101 SET CHARACTER_SET_RESULTS=@OLD_CHARACTER_SET_RESULTS */;
/*!40101 SET COLLATION_CONNECTION=@OLD_COLLATION_CONNECTION */;
